740d8786-462c-4932-a404-6c658041cc86,임채은,Female,1986-08-08,안성시 서구
f2378db6-c025-43c9-be0f-eaa81c3b9778,박주원,Male,1973-11-04,울산광역시 서구
20f9cd13-39c4-4068-8e78-6df505e2fccb,박서아,Female,2003-05-06,서울특별시 강북구
546ea2d9-020e-424a-b874-61f008c82fd4,정시우,Male,2008-04-21,전주시 강북구
9ef081d0-b6f6-4490-a621-e4324852d0ed,임민재,Male,1996-03-09,경주시 동구
44c7a6c9-cff9-42c8-94dc-cfaed74aa978,유윤서,Female,1993-05-16,여수시 남구
b027b3a8-902b-4dbf-91ba-50fd02520e85,임채원,Female,1973-04-09,울산광역시 강서구
8d4ca71c-bf8c-477a-880e-63eb99f1a28d,이지원,Female,1973-10-09,수원시 남구
c9cf2096-2f0b-4a7c-aee5-9d5387f478fa,김시은,Female,1987-05-19,제주특별시 남구
6d0aa89e-ecd9-4a20-82fc-8334962a6f7d,최하은,Female,1996-12-23,제주특별시 강동구
19444acc-1f1a-4ece-9e54-076e68c934cb,정준서,Male,1996-01-06,안성시 서구
ed69946d-8c1c-4788-9497-c6112c9d36dc,문채원,Female,1996-10-15,대전광역시 강북구
7d19c0bb-76c9-4393-9658-a9dd05f7d543,심하은,Female,1997-02-18,광주광역시 서구
bed07096-dbb1-46cd-b366-2c893c3b0a2a,정지민,Female,1985-03-05,세종특별자치시 진구
21db273a-1f20-4c99-a8df-487ba68c46ba,박지원,Female,1971-04-11,수원시 강동구
ce85a99e-cdf2-42d6-a51e-4ddbaa0f643c,장은서,Female,1985-06-19,포항시 강서구
8e6b41a4-f770-4763-9667-fbae49b41ae2,박서현,Female,1990-07-29,용인시 강동구
2d963f41-27d9-4c51-b586-546026ad2c89,조지호,Male,1993-10-23,광주광역시 동구
ee64e3eb-033c-4fbf-97d1-46bfcace1269,이지안,Female,2008-11-19,제주특별시 남구
f9a0e5c1-aa24-440c-b742-cac6835f92b8,윤채원,Female,2002-04-19,울산광역시 강북구
6521483a-94cc-4669-bd06-6ced7aea3384,최소윤,Female,1968-03-11,용인시 강남구
57836566-6769-415a-a373-be2353e6a497,문지민,Female,1969-10-02,경주시 북구
2947ac71-7ae2-44ad-b39c-f09f7a93dfff,윤지윤,Female,1984-11-27,울산광역시 서구
0295551b-e943-4d08-82c2-18224d56802a,황유진,Female,1969-08-18,대구광역시 북구
79e725c5-a70f-43c1-85f4-3d96c00521dc,임채은,Female,1992-12-07,안성시 강북구
b5470c00-c33b-4362-9ec2-b708a5d78f18,정서아,Female,1994-04-21,울산광역시 강남구
8f9480fd-b166-4b81-a722-46a8ca7d6f08,유시은,Female,1981-11-06,제주특별시 북구
571985a8-7d44-4388-b581-6df8fa68a4db,최우진,Male,2001-07-21,제주특별시 남구
eb4bdf8f-8fd3-41c3-a092-1675feee0e72,문예은,Female,1975-10-04,울산광역시 강남구
e96d4964-5fb9-4c82-93cb-5313ff17a920,황지윤,Female,2001-02-13,전주시 강서구
f205f221-3b18-40d9-8aa1-3cd491b24a81,윤지아,Female,1960-04-26,전주시 서구
13839eb6-a43b-470b-82e7-7d189854b41d,임건우,Male,1966-10-02,대전광역시 남구
ca370e32-dd1d-46f7-a471-d84d49fbc24a,오수아,Female,1975-04-13,안성시 강남구
5e347eb4-c755-4b55-8ccd-48f3d6009287,심지원,Female,1999-12-10,안성시 남구
bc89dd1b-ea4a-44f7-ae4c-7f2b0d381377,최소윤,Female,1994-04-24,인천광역시 남구
015ade77-3db8-41be-bbdb-40fce792ccf8,박건우,Male,2003-11-03,세종특별자치시 강남구
ddbb6370-7923-4603-8480-01ce8c329a9a,심지우,Male,2009-08-29,세종특별자치시 북구
3b970493-90c9-48f3-b30f-a34703d4a63c,문건우,Male,1974-02-02,용인시 강남구
87b29da0-e25c-4314-a48a-56f62846e667,심지아,Female,1995-05-09,포항시 동구
cd9c4b9c-8ada-4baa-a5a7-0eb5a0729f65,윤은우,Male,1976-08-27,제주특별시 진구
f1185c3c-3026-4806-9cc6-ec97b7404ac1,최예원,Female,1976-06-24,안성시 진구
8907361b-d597-416d-9f5f-8c695d66da53,문지유,Female,1979-07-20,광주광역시 남구
ef39d8fc-3ee4-4c92-b08e-8d33ee0d0920,이지윤,Female,1978-12-07,울산광역시 강북구
254798ce-659d-4a67-8986-69f8584a8c47,강유준,Male,1987-12-08,광주광역시 강동구
2c65dd29-82c7-4c86-a66b-b18dd7f92eb7,박유준,Male,1963-07-26,수원시 서구
5b484c63-bd69-45ef-ad9c-f88b01053523,박지안,Female,1964-10-06,목포시 서구
ebd6da39-d641-474c-b67d-9d90277e8374,심민서,Female,2004-01-19,세종특별자치시 강서구
ae1e5fdd-85c7-4791-be29-25500259b2c9,유서윤,Female,1963-07-04,전주시 서구
813f72bf-05c4-4b31-9281-e1d8709a6753,황서윤,Female,1977-01-14,대전광역시 강동구
8265fb4d-4b80-4f5e-bc48-9b1111ddd955,이민재,Male,1972-08-01,용인시 진구
ea2cdc13-e7c3-434e-8b72-40def159f291,윤도현,Male,1963-02-02,부산광역시 북구
1baeec78-4fdf-4571-96a3-1acd9ae3380b,전지안,Female,1977-11-14,포항시 강서구
b17dbcfa-eb96-4fb0-8cbd-07be8ecbb512,유하준,Male,1983-04-07,수원시 동구
29a2db4f-a0d7-4f59-8c34-4e536360ee2a,전수빈,Female,1976-12-26,인천광역시 동구
9d6a1de8-b14b-4843-94b8-d4eb5e52c6c2,유지민,Female,1974-02-21,부산광역시 강동구
6017a040-675a-49b3-9edc-5c1b9a4584a6,윤다은,Female,1969-10-07,세종특별자치시 동구
5d8c67ab-d41d-4243-b24f-244e496c3158,장준서,Male,1962-03-07,안성시 북구
3eccce43-034c-42ff-9452-89ead2c74b0a,임유진,Female,1970-05-30,경주시 남구
281cd65a-5a28-466d-a226-7902614a8644,강현우,Male,2005-08-04,경주시 강남구
4033565e-6907-4566-970a-a1a8d748673b,조지원,Female,2003-06-11,목포시 강북구
c40ca5a4-b43a-4b30-9055-3d7abd3ad425,박윤우,Male,1982-10-26,광주광역시 강남구
a3475ac1-305a-4116-bb0b-efe11cea3529,황서현,Female,1964-06-04,경주시 남구
1d9de623-4469-455e-8846-c37ace4027c9,강현준,Male,1983-01-08,인천광역시 진구
77e00858-b315-45a1-81d7-ed511a1233ea,최지민,Female,1995-04-06,대구광역시 강서구
4121e38e-3701-4f63-85d8-f547aa21c78e,한예원,Female,1992-12-03,부산광역시 남구
eaa2f1d8-758a-46d2-a7fa-2ce4d620ae1a,황예린,Female,1977-04-26,안성시 강서구
3ac781f2-d9b8-4623-944f-5fb0e975a8e9,문선우,Male,2008-10-16,용인시 남구
853f2ab2-e62c-4b1b-a156-7cd59a87297f,전소율,Female,1974-09-16,수원시 북구
5d3fc091-2eef-4049-865e-f042d3785dc7,문하은,Female,1983-06-26,부산광역시 동구
19b06f47-8a1f-4eeb-bb8d-35ecf8955f90,조지아,Female,1979-05-27,제주특별시 북구
705e025d-292e-4f42-895e-dc3c3f5b90ae,윤우진,Male,1974-11-02,대구광역시 서구
dad59426-f737-4130-9245-4234a8a9602c,박채은,Female,1985-11-23,대전광역시 강서구
8883bcba-9de1-4a3d-aaee-c7b81bfd68be,조지안,Female,1995-02-19,세종특별자치시 진구
354bbab8-f1fb-4490-b806-4780ae043090,김수아,Female,2000-09-05,울산광역시 강서구
508e48a8-5b8a-4689-8107-034642bc4117,장지유,Female,1998-01-02,경주시 강남구
36a04b09-adca-4a42-a6c2-3a4081ead752,윤시우,Male,1998-12-30,경주시 북구
2af07531-c539-4eaa-9196-29cc789f083d,강시은,Female,2009-05-24,부산광역시 서구
2a1cb243-b4b3-4b5d-8be9-8eb9402fade0,이지우,Female,1988-01-11,울산광역시 강서구
61c93f8e-8e7d-4484-bd14-16befe630be9,강지우,Female,2009-07-11,포항시 강동구
caaa11b5-6c38-4dc9-aa12-4fb11ae982b9,장채은,Female,2009-07-24,세종특별자치시 강서구
3382e8d9-2b3c-4662-8f51-dcc31a1e81f8,조하린,Female,1994-02-21,세종특별자치시 진구
5b05d09f-1fa2-419b-9483-1fdf8ce73cec,조도윤,Male,1976-05-18,대구광역시 북구
002dd031-cb99-41c6-80b3-dcd15fee275c,윤예원,Female,1973-01-27,인천광역시 동구
adcf4b47-b3cc-4c97-923a-d1219ab207c0,유정우,Male,2008-02-22,안성시 남구
603c19db-59eb-48b4-b9bd-71d0a240b273,장은서,Female,1970-03-03,부산광역시 남구
c09ba87f-ca48-47fe-aff4-6ba7ee4e8bd1,오도윤,Male,2006-02-05,목포시 남구
de16be96-0124-4115-94cf-3e99d1d33f45,조지훈,Male,2006-11-14,부산광역시 북구
68519439-9bc9-4a9a-8caf-5872ebe80955,최서진,Male,1999-09-01,울산광역시 강동구
22adc5f5-417c-4319-bac3-7140a1979125,장예린,Female,2004-10-05,부산광역시 강북구
1e44b2f4-9e2d-4c91-9eaa-b21c4f455733,한예원,Female,2008-06-01,대전광역시 강동구
f18950b7-a8c2-4f46-ba18-3ecd2650c6b2,조서아,Female,1999-07-15,전주시 진구
7d983c17-5d4d-4df3-9e30-ff0432170a96,임지윤,Female,1992-11-01,울산광역시 강서구
9308635f-9a7d-431d-81d0-6cdaf40e6cd4,박유나,Female,1996-07-15,용인시 강동구
68dbdd89-7568-4c59-a8fd-2c712eacf05f,강소율,Female,1992-08-24,여수시 진구
0e765402-414f-42d8-9c42-337157ab21e6,신현우,Male,1972-04-26,목포시 북구
573e728f-0e49-4827-99ab-e276ecbd815b,한지우,Female,1980-07-07,광주광역시 서구
fac9f79a-1638-495a-aa33-b997227879c9,신지우,Male,1960-05-09,안성시 강남구
00e6140e-8daa-4219-a163-0030475f070c,심시윤,Male,1971-06-24,전주시 강남구
2cd6705a-4e13-4101-a576-672e9d169916,박소윤,Female,1983-04-20,세종특별자치시 강동구
06e24688-ba53-46e6-8d09-9afd9631917b,김수아,Female,1993-01-01,울산광역시 진구
75f668f3-9827-4733-a59e-802c0036710b,윤예은,Female,1989-01-30,용인시 북구
df67f650-6211-48f3-b836-068fa9abd124,이민재,Male,1974-03-26,목포시 강서구
be8821cc-71c0-4954-8ac0-9017ac329a90,최건우,Male,1980-04-21,인천광역시 동구
215078a3-cf71-4cdf-9e83-ef7987a8bdfb,이정우,Male,1971-11-06,대구광역시 북구
642d43f6-0a99-4695-b88f-d239424d5241,장지안,Female,1967-08-31,전주시 강북구
459fabbc-3ad8-4237-8c46-a1011dbc752c,황지환,Male,1968-12-05,경주시 서구
37f51517-004d-4d3c-8247-b432868bddbb,유하린,Female,1999-10-16,용인시 강북구
9766b734-5fc5-4767-92b3-dad6da187ee5,박윤우,Male,1974-10-29,목포시 진구
4fe75b55-1936-4e78-a03b-2e00d4fbab32,강민준,Male,1992-05-11,수원시 강서구
7d085902-bece-4a59-8bef-962c0784ffad,전예은,Female,1996-05-29,전주시 서구
51df5bb3-16db-4902-a0fd-dcdd8584ee28,문지호,Male,2007-03-07,포항시 강남구
e322babb-2708-450e-8abd-d3d61c4f2f5e,강예원,Female,2002-10-02,목포시 북구
489ed397-bdb8-4b85-b0f0-2926e310da5b,윤지윤,Female,1995-07-29,포항시 서구
e472cae1-da4d-411e-98bf-a4fdcb31a614,황예린,Female,1968-08-25,여수시 강북구
cf22cf3a-d3be-43a9-9364-5beffbfb1cfb,이지아,Female,1961-07-06,여수시 서구
234d7b99-0071-455c-875a-6fc1fce72058,전예은,Female,1971-10-07,전주시 강서구
57cd2c0a-5220-47ae-80f5-213f58628d2a,신유준,Male,1999-05-30,대전광역시 강동구
cb52b59a-ad86-4d7d-a460-fcecee318f5a,한서아,Female,1991-02-22,안성시 동구
053dd188-abcc-4552-9f00-0f5db93d34fa,장현준,Male,1965-12-14,광주광역시 강서구
ea7d5e0f-4ae8-4ccf-8351-0f56dd41cd79,박예원,Female,1968-10-13,용인시 서구
e7603593-bf40-4150-850e-a086af06ceac,박지우,Female,1967-10-13,서울특별시 동구
e35f3da9-ff0c-44e9-84dd-7db1b5d92692,황지우,Female,1984-05-06,대전광역시 강북구
1d746eca-a2d0-49b5-9002-504836365c5b,최채원,Female,1972-02-22,수원시 강남구
072f69c6-43f4-4f33-a787-ce6efffefb38,전시은,Female,1984-09-21,전주시 서구
22aae29a-45eb-422a-8e98-9502d9db462a,박민재,Male,1966-09-25,울산광역시 남구
a71af13e-7f2c-4a0b-b412-3427a1e26440,유하은,Female,1967-10-10,광주광역시 서구
2d2ac6c4-4460-4de4-9e02-e975b5df303a,전민준,Male,2000-10-29,대구광역시 강북구
ebab0bba-c56a-43a5-8923-f7ffaf8eb69e,한지훈,Male,1976-12-15,여수시 강서구
e69f2d7a-ed01-4c75-a046-b8c9c6fbcd26,윤현우,Male,1972-03-31,세종특별자치시 진구
bdb7423c-0640-412c-aed0-cdfbc20ff53f,오예원,Female,2000-09-06,경주시 동구
b739c7e0-1d87-41aa-b0fc-d022a384dfe9,문하은,Female,2006-07-18,용인시 남구
a86cba6b-08ea-4479-ba0a-d9520376ef00,임준서,Male,1984-06-12,포항시 북구
e38f9742-7320-4f4f-bcad-d66a8be901a3,윤채원,Female,1971-01-21,울산광역시 강동구
f44e3c11-0560-4270-9f53-640759718807,강수빈,Female,1964-09-18,전주시 동구
3ab6d014-f2f1-4353-86a4-2599fb8c668d,박민서,Female,1980-12-16,대구광역시 진구
2b7640ea-1367-415d-9277-3c54af4c3749,한시우,Male,1962-03-05,제주특별시 강북구
6d82c41f-3c9f-4de0-ad09-84b6f853cf2f,강지원,Female,1965-11-01,부산광역시 강북구
9c21b6a5-d2e8-442b-9c5e-e9a4832b6842,윤시우,Male,1980-10-28,목포시 서구
6142f80e-e03c-4e8f-b636-76b66e82103d,윤시은,Female,1979-01-21,수원시 서구
126f5796-13e5-498d-8474-a8fa496c72a4,임유진,Female,2008-04-27,광주광역시 서구
d421c7f1-83ab-4df0-b812-479e70c791e1,강지민,Female,1992-12-22,광주광역시 남구
66044d9d-ea1f-4c83-a88f-69d098f32942,전주원,Male,2003-10-19,수원시 동구
fdbefa7e-61cc-4b45-80ec-47fcb9eec9ad,조지아,Female,2000-12-25,대전광역시 동구
2287d10a-be6b-41b2-9396-19b58dd0fe44,유선우,Male,1965-12-31,수원시 강서구
b7a5f2aa-571b-495e-ae63-dad731fcda6a,조민서,Female,1991-08-13,전주시 강서구
2b01ed13-5d35-42c3-90b5-b8cd4d685aee,윤지후,Male,2006-12-15,대전광역시 강남구
3dd6c822-4ce3-4249-8be6-40dfdd311f38,김윤서,Female,1972-07-06,용인시 강동구
4b041c80-f163-4154-900a-e891ea77b834,윤은우,Male,1984-02-21,대전광역시 진구
9f458d49-b732-4449-8a76-36c378fb72d9,윤은서,Female,1990-11-31,전주시 남구
53a2d8af-b91d-4b61-854b-650be2e709c2,최은서,Female,1962-10-04,제주특별시 강남구
0f503cff-90f5-4453-a998-271e24c773f7,박건우,Male,1967-11-17,광주광역시 진구
6bdbd509-b3a6-4879-b25f-946274f8b4f0,박지아,Female,1967-07-08,수원시 동구
144439de-32fa-4cab-9ef8-208a8f80526c,심지환,Male,1967-01-06,전주시 강남구
7005c7c5-82df-48aa-84f8-ad45b38a2f78,심서준,Male,1961-01-07,용인시 강남구
1e193630-a573-4ca9-b6c2-57852b565daf,박지민,Female,1966-04-10,수원시 동구
d4e4685c-59df-4785-b79a-ab428779c3a8,신유나,Female,2001-09-25,경주시 강동구
0028777c-82ef-40b8-b400-8df98afc41a2,조지호,Male,1961-11-29,서울특별시 북구
58d1005a-c665-4c50-9d36-3a4c5db0586b,임서준,Male,1966-03-13,대전광역시 동구
a9f3d0ca-ca33-40a4-9e33-5f388ecdb7cb,박민준,Male,2009-04-03,세종특별자치시 남구
f796fea7-9029-4715-8867-59f6011a0c6c,장지후,Male,2008-12-30,안성시 남구
1a101fda-b264-4a05-8026-fe252b5bfa43,심서진,Male,1970-05-31,목포시 동구
a90426b8-68a6-426c-82cd-77b8cbddd19a,전윤서,Female,1999-07-07,포항시 강서구
9266627f-5303-43d0-b0c3-6033b8df1a72,조예준,Male,1992-06-23,세종특별자치시 서구
da9d2c1e-c495-4533-bed5-f709f4d38645,이현준,Male,1971-10-02,포항시 진구
cd8f5b5c-992b-40a9-9fb1-2a04a652ef2d,최서현,Female,1996-10-06,광주광역시 강동구
f91bdfeb-e4a6-47a3-81d7-13142058292e,한유나,Female,2006-11-13,수원시 진구
5be40d45-5235-4472-b4be-f81ad654ce0f,임선우,Male,2009-02-26,부산광역시 북구
b8ab2358-fdb3-47ee-85c3-45431247d1bf,임소윤,Female,1963-04-03,안성시 강북구
617de5fe-8f05-4727-b526-da1556f11f69,임건우,Male,1960-05-03,용인시 진구
bbc66fb5-89b4-4e8c-a908-ef6462336957,전지우,Female,1997-08-28,대전광역시 북구
8f85c73d-e744-4e60-b851-b75f77f407a2,최연우,Male,1993-11-22,용인시 남구
57efcd9d-96de-4ed2-802a-9ab0ea0ffdf6,윤윤우,Male,1995-05-23,경주시 강북구
588db8a5-63cd-42c6-b024-ae391f50fb08,윤서윤,Female,2005-04-02,수원시 강동구
53a388b4-2e9c-4019-abb0-0575cea4f5ea,전선우,Male,1994-03-07,대구광역시 진구
9c52908c-21f9-4f49-8775-710c14b7a98b,심소윤,Female,1976-07-15,포항시 강동구
4bff68e2-b63f-45e6-8d1f-84c3e288c126,전민재,Male,2000-10-16,안성시 강서구
1d7a830d-45d4-46a4-9a8d-0ce847d413af,오수아,Female,1976-01-06,용인시 남구
96eeac65-9ec8-4dd8-9b0b-f4e4f8e0f03e,이예원,Female,2001-01-17,대전광역시 북구
8721b4bc-cfc2-45aa-ba6e-dfa273e04e1e,임수아,Female,1980-11-03,수원시 강북구
45c337e3-8396-4638-98ea-495922b46fc6,조하준,Male,1981-12-31,여수시 강동구
f19c1270-2040-4977-9af6-990b1683e337,심민서,Female,1984-11-22,대전광역시 강북구
199f5945-54cd-4154-a4f7-a9de1bd10cb1,김서연,Female,2006-06-23,목포시 진구
c9c1dc7f-8241-45dc-93fc-5cbef2cf1992,윤지환,Male,2009-08-25,안성시 강남구
2ef85274-b71b-424c-8c11-77fd9ece2c6a,황지훈,Male,1981-03-22,포항시 강동구
ca09a4a9-1210-4193-9152-6815780464d8,최서준,Male,1962-11-23,용인시 진구
f5d6d54e-c5a2-470f-99a0-be295d46f0c3,황연우,Male,1960-04-21,전주시 강동구
27bb9340-4160-44ba-83aa-7dd76c5448ad,박도윤,Male,1967-10-08,세종특별자치시 강북구
7631d6f9-49c8-43d7-933f-c32a135f36cd,임현우,Male,1992-03-09,서울특별시 진구
f80035dc-0243-4aa5-9c05-135cc046fdb8,윤지훈,Male,1960-12-19,울산광역시 강동구
b6486020-d84e-4872-8bb7-70476beae37c,전지안,Female,1978-11-08,전주시 남구
26d39caf-62e7-4cc8-9075-5adb7d071445,유유나,Female,1980-03-09,여수시 남구
6d73a355-d407-4501-948d-9301c05ae78d,이수아,Female,1962-11-08,울산광역시 동구
eba87627-87b2-4101-8a76-4d2a9feafac0,박수빈,Female,1982-04-06,광주광역시 동구
74acac1e-9568-44a2-b820-a7e900addfe4,신은서,Female,1972-12-19,부산광역시 북구
c21d75fc-37a1-472b-a4f1-1302523f5feb,오서윤,Female,1962-12-13,광주광역시 강동구
0cd0250b-aefc-4005-99a8-dd3f37f5399a,김유진,Female,1998-02-18,인천광역시 강남구
b301f96e-d755-4f82-92c2-a491c415edc3,유서진,Male,1986-11-14,안성시 동구
4553c982-bb54-4a9c-83ac-3446529e433e,박예원,Female,2008-04-31,세종특별자치시 동구
0fd62400-a7ef-42e8-879e-8998744d4b23,박채원,Female,1990-09-19,경주시 진구
a4bc1dfc-084e-45de-a3a6-5e71aad744d1,임지윤,Female,1992-06-29,여수시 강북구
e9129d23-fb50-46c9-a385-7ef290eb8a98,유선우,Male,1985-03-16,부산광역시 북구
8f55a3b0-d8fa-4271-bea9-f50afd90604d,문시우,Male,1993-01-22,대전광역시 강동구
72a7690e-70f2-4f3a-abe5-a97743717aa6,김예린,Female,1961-02-10,경주시 북구
7ca90fe3-b77e-4189-91c2-5d1ba0bd0b03,박지민,Female,1963-08-31,목포시 동구
8451ccba-e451-4bac-b120-ab944cb3eff7,조지후,Male,1987-04-01,서울특별시 남구
9c44779e-8ac7-4164-a6b7-2eab67793b28,오주원,Male,1991-04-24,여수시 동구
2df62c5e-d483-4190-839e-898b56563f94,황소윤,Female,1969-04-08,여수시 서구
cba0a2c2-d509-4dad-9d2e-2bcbff954684,유지민,Female,1982-03-21,광주광역시 동구
924159f4-c605-40a4-843d-461ffec14155,윤서현,Female,1986-04-10,제주특별시 강북구
c9b5b66f-51f8-48d8-852c-5676c90a59d8,황예린,Female,1969-09-21,부산광역시 동구
34f4f226-50dc-43be-a546-3a8d3e58309c,조지우,Female,1965-07-03,광주광역시 북구
b33e6197-ac6e-47ba-8203-90f6708db6ce,문연우,Male,1989-01-06,안성시 강남구
f373ffaa-865e-47b8-8a34-59e1b691005a,오민서,Female,1978-03-30,경주시 강북구
08d9d8b7-f054-4bf5-853c-017bee2e8b72,황지우,Female,1979-11-11,경주시 진구
3ae8076f-e729-4f53-bff1-38860df7e97c,심지후,Male,1965-07-16,세종특별자치시 강남구
4e523f69-224e-4fe3-a158-4d651c7ac645,박채원,Female,1968-11-02,목포시 서구
2484b3ab-5ab2-4796-927a-2f907404798a,황지우,Female,1994-11-13,목포시 남구
4ef37cec-69a2-415d-9086-0e8ae8c1165d,황지훈,Male,1985-02-16,목포시 북구
e223779c-dcdf-4b9c-a589-3933aee3d3cd,김서연,Female,1977-01-18,세종특별자치시 북구
3aa24357-e8ed-4189-8d1e-f2c5e61afa32,최예원,Female,1998-04-01,목포시 강서구
cb3addaa-0374-44de-9473-11c9ac668448,심지호,Male,1967-09-05,대구광역시 강남구
0813ce0b-50ac-4cfc-8537-68565e4a089d,한서준,Male,2002-06-11,인천광역시 동구
2256da57-4bf5-41cf-8407-baf1f295f8b4,오다은,Female,1997-04-10,세종특별자치시 강북구
f890aa2d-5eec-4f7e-ad23-d55007e5bc1b,전유진,Female,1972-04-27,대구광역시 진구
7d3bd623-23f4-4f37-b09f-b1ef5347db29,임도윤,Male,2009-05-26,포항시 강북구
21e26bca-8a85-4be3-adcc-cde194c004bc,박민서,Female,1973-09-20,목포시 북구
8a37eb72-2a97-4f7c-97a6-e8acd06e0b45,유지민,Female,1981-10-27,경주시 남구
29219ca1-e570-46ba-b27c-936c3bd6188c,조소윤,Female,2009-02-22,안성시 강북구
2c5e91ef-a4d8-487d-b1a0-a90ff22b24a3,신수빈,Female,1961-07-11,세종특별자치시 동구
5759e27d-3b98-40c0-8a78-b0b063afb565,전승우,Male,1989-01-13,안성시 서구
f0391574-8f26-4bdc-ad36-76a37f992776,윤은서,Female,1979-04-06,서울특별시 강북구
14ae20fb-07d0-4e8f-b6b1-baa57d35a1e4,유지우,Female,2000-06-21,용인시 서구
32ae23d1-2ffc-4c65-9739-19d807834aa0,윤민서,Female,2001-06-27,전주시 북구
3c8dbec5-f813-4ff2-a760-fc5ee12cdf39,이유나,Female,1969-10-09,대구광역시 서구
e5baa39d-1800-4928-aefc-502fc9e1f6ec,이윤서,Female,1977-02-19,여수시 남구
07c61277-5b5b-4fb6-8e99-ba9d094948da,신지유,Female,1986-04-27,인천광역시 남구
f582f68e-bf1f-494c-8498-ca23f8def50c,문서진,Male,1984-12-30,서울특별시 서구
a493bde6-74bf-40d0-a269-590767a0a8ca,심예은,Female,1963-08-16,울산광역시 강서구
92869f9e-dd4e-4789-846e-36d1e3e2c0fc,윤서아,Female,1967-11-28,인천광역시 북구
6f2cb269-6e27-41c3-ae73-8ded82342566,최준우,Male,2009-09-27,전주시 북구
41c70976-42dd-4680-8422-7c08e580bb6d,유유준,Male,1973-09-11,제주특별시 남구
b5b6be5a-b6f7-4065-a396-ecf9aa7f480f,장민재,Male,1964-10-20,부산광역시 서구
61d2b80a-15e2-43ae-88c9-b19d086603a7,박지환,Male,1984-12-25,울산광역시 남구
31f606e9-ad82-4809-b552-2e9ead9a5754,박예린,Female,1984-08-11,목포시 동구
df058f56-4216-4048-9b5c-4f325bc91610,전유진,Female,1972-06-28,포항시 진구
b1555392-7027-4a40-8272-a14f25586622,강도현,Male,2008-11-21,울산광역시 강동구
e4f9df74-3823-40f6-b753-d5b76212d0a8,윤민서,Female,2000-06-27,서울특별시 강남구
d0eb1e34-698d-4867-a303-76a8b7331fb5,박하은,Female,2001-11-14,여수시 동구
38dff387-1e26-4b1b-abc6-663c2dec19f3,조하준,Male,1994-08-05,여수시 강북구
9d5f1c56-f44f-46d3-a6ee-10b8dfdfa38a,임지안,Female,1960-03-14,포항시 강서구
16648ce4-9483-4719-adf2-4d6fa4b0306b,문소율,Female,2003-11-05,목포시 동구
359ce89d-3670-4f8c-a2bf-09d0ec2cb4f4,오예린,Female,1975-07-26,수원시 남구
eada0ff9-b2b1-4153-86c3-5544804bdae5,신지원,Female,2001-02-23,대구광역시 진구
5c89d84f-d0ac-4d6b-8b58-06bdad52d89e,임서윤,Female,1996-07-14,인천광역시 강서구
e139be93-39dd-4907-b598-d1cb0aa0a34d,심채원,Female,2003-03-10,목포시 진구
e4a7ea54-3790-4f8f-9d06-491044c1838d,장이준,Male,1962-08-23,울산광역시 진구
ea7dcdee-167d-4dd6-830e-6637ead73c11,조시윤,Male,2003-05-01,안성시 강남구
2cf64f79-ef1d-4739-82af-78e7e1295117,최하준,Male,1993-11-05,인천광역시 강서구
ac81c939-6461-4a14-8c26-119085edae7f,임예준,Male,1994-05-03,부산광역시 강북구
f1225283-25c8-4ed8-baf1-b7f9ec9b0ce9,윤우진,Male,1985-11-01,용인시 강남구
1debdbf6-6435-448d-9552-f2ee6de2e73e,오지윤,Female,2001-11-23,목포시 북구
c26d0bcd-d705-4141-b921-79f470fcdc78,윤연우,Male,1973-04-31,인천광역시 진구
ec653382-a727-46c2-994b-3e2e7a880b4a,문은서,Female,1969-05-12,울산광역시 진구
809f5f6b-3f7a-41f0-9b71-2e429c66e105,한민서,Female,1993-12-05,안성시 진구
e01fa967-9dc5-4395-9b66-7df7e1293728,이유나,Female,1967-08-16,대구광역시 강서구
5dfb6ea7-edd2-45ab-8c5e-a94dbcb77606,임수빈,Female,1976-09-17,수원시 서구
287659d2-a62a-4552-b650-fe4b94846510,문유나,Female,1977-01-27,여수시 동구
8e54ce60-fe1a-4878-96c5-d6c5eccef9fc,장채원,Female,2006-05-15,울산광역시 강서구
de606668-b9d3-4320-acc2-85b2e67da649,조지우,Female,2000-08-18,울산광역시 강동구
0a8b7b14-a3e3-438a-ba45-4e60141ee157,강연우,Male,1984-10-06,안성시 강서구
66926567-a78f-487f-b7d5-52a5f9326d71,신지민,Female,1968-10-29,세종특별자치시 강남구
93a3c2cf-d908-49fc-841d-373aabd4b4ff,오유나,Female,1969-03-25,대전광역시 동구
e1f1352e-2089-4347-9307-565945df6151,임소윤,Female,1979-11-03,부산광역시 동구
87739fa9-8871-450b-9159-c5867b4db12f,조지훈,Male,1980-05-18,여수시 강남구
6b5c7b62-6cc2-4632-83f4-e961c5e36bde,정서아,Female,1991-04-20,포항시 동구
d61cfb05-b57f-4190-992f-1b03bcee01b5,문예준,Male,2005-12-26,부산광역시 강남구
7501e405-fb44-404a-b3a8-bfdcdfb67ce9,이예은,Female,1980-10-27,울산광역시 진구
eb444b99-c453-4eb1-9069-ffdf607b040d,정은우,Male,1990-06-22,안성시 강서구
153d3ea7-fa02-43b0-a804-534d2006c9c3,심채원,Female,1988-08-09,제주특별시 동구
ae7abd94-33b8-483a-bc95-07ec7a42e76d,심서연,Female,1963-10-01,목포시 강서구
f0e3236c-003d-45ec-83ac-f99c03f45d07,문시윤,Male,2003-10-21,광주광역시 동구
31423662-a322-449a-917f-fba200b47aed,최지후,Male,1962-11-18,경주시 강북구
3c5e2b4d-39d6-4ca7-bd67-2e875de002ce,문지안,Female,2006-06-11,수원시 서구
21eff727-83a9-4722-9fe6-9df5964835ad,임지유,Female,1986-01-17,울산광역시 남구
ed72b18d-308d-4863-a3cf-5404d8f7395c,정다은,Female,1964-07-25,포항시 서구
136dc7d3-61a1-4f04-a223-05eea8eb7a34,신다은,Female,1997-06-11,세종특별자치시 서구
e67bbae6-c803-4d26-97bc-1b0997bbba62,신지아,Female,1983-02-19,경주시 동구
a40df77a-b185-45c6-b701-204c1a3e389e,장채은,Female,1965-02-05,여수시 진구
81e5ca49-9c13-4ce8-983b-36924d6ceef5,김예원,Female,1991-02-08,수원시 북구
c2ed73a0-afc0-4131-b8fd-5212f18cc28c,한서현,Female,1983-01-07,포항시 강북구
19135dc3-b882-4d87-ba3e-77407e1f085e,신서현,Female,1987-09-26,부산광역시 강북구
a8cee52d-bb65-4914-95e9-4b5d42728a69,이서현,Female,1986-11-12,세종특별자치시 진구
0f4f0614-480f-4765-a04a-ff3ce89785c5,윤윤우,Male,1980-05-30,경주시 북구
6c0468cb-4012-4431-8f6f-d46e5aee24c7,박수빈,Female,1962-05-02,전주시 동구
67653968-0272-4a4c-9ae9-83124b8206b4,정서윤,Female,1969-03-22,광주광역시 강동구
91ef9f9e-f548-4ea4-be83-59693c20a774,장시윤,Male,1960-05-27,용인시 남구
ae4afd18-6d45-4eb9-aabb-a5a8c84f20d2,장예은,Female,1964-04-16,울산광역시 동구
52c60107-909d-440e-b459-834e19d219c9,장예린,Female,1971-04-14,여수시 강서구
96e0dca4-fad6-4a44-9403-aaa87c402892,문예준,Male,1995-08-26,용인시 강북구
7659e22a-7d20-42fa-863e-1232446a6acb,임지후,Male,2009-09-11,대전광역시 북구
5dfa16af-9e62-4ade-91a6-76962ff4de8d,신하은,Female,1996-07-07,제주특별시 강서구
2023731b-dae7-4639-9d5e-5737ba7e7529,임소윤,Female,2000-09-14,수원시 강서구
d882f4d6-925a-497e-8ce1-9256ec20d739,박예은,Female,1990-10-19,안성시 강남구
04dace2f-c275-49e6-8d1d-2971007bd57a,윤지후,Male,1982-06-09,세종특별자치시 강남구
607e978e-e6b8-4622-8480-15558adaba70,김은우,Male,1995-07-28,용인시 남구
74bd8a5c-bd5d-46d1-a59b-e62ecc4cbba9,윤수아,Female,2009-11-28,부산광역시 서구
6b6df0cc-2bb8-4be1-9ec5-65aad23e1adf,심하윤,Female,2005-05-01,수원시 강서구
89a4d082-961b-4a57-91d9-7e73fa88cfc4,유지유,Female,1982-11-28,세종특별자치시 강북구
48922937-c6ce-44c1-8d09-a64ab0f4e94b,박예원,Female,1967-06-01,안성시 남구
876a911e-0ae8-431a-9b2c-65e7031cd335,윤하린,Female,1995-08-08,부산광역시 강동구
699ccda1-de0d-4d03-9b4a-910e42afc40f,강소윤,Female,1996-10-17,포항시 강남구
d56c4c1d-4e50-4af2-9803-619424f4f43a,장유준,Male,1996-09-04,용인시 서구
74f7bc63-0c09-43c3-bb07-02eb58eeec08,심유나,Female,1974-06-25,세종특별자치시 서구
e4d89f90-f5ef-44b6-9d23-34bfec5c3869,문지아,Female,1969-10-17,부산광역시 동구
176a1694-3658-49f7-b0e0-b88e7758e05c,조유나,Female,1975-02-16,부산광역시 서구
cb445b37-b936-4c57-ae99-66fd9d604cdb,심예준,Male,1997-01-16,울산광역시 동구
ab1502a2-9608-4793-9c94-d40c2d517c45,심우진,Male,1971-08-30,안성시 동구
b454397e-24c2-403e-ac4b-43d79c06fb38,장채원,Female,1960-01-23,용인시 서구
17efd9bf-08d7-46da-ad3c-a914b883159a,신시은,Female,2009-08-31,세종특별자치시 동구
282cbc4e-df3f-4aca-9bc4-86433d38e23b,최유준,Male,1999-01-08,세종특별자치시 강서구
846fe5ee-c94d-41d1-8511-05eb81099d24,이소윤,Female,1966-07-05,안성시 진구
541c1ec2-4af0-46da-aa13-316cc766b988,이지윤,Female,1996-03-23,목포시 동구
03e4735a-07de-491b-a361-60c137def227,임수빈,Female,1971-04-25,인천광역시 남구
67247a6a-d98a-41dc-950c-6cff9d9a2906,김다은,Female,1986-10-10,전주시 강남구
936b9bd5-eaa1-4789-af5b-f01a00c16118,조유나,Female,1981-06-06,대전광역시 남구
8a1d23fe-fe67-4a99-8eab-bf6a979ac45e,심지우,Male,1989-07-09,대구광역시 서구
93e2c16b-b5b4-46b0-a845-c1b3ee8c07f5,정예은,Female,1965-03-06,제주특별시 북구
cff31d8c-2fb1-46fb-8015-1fe87529ec97,신준우,Male,1966-05-19,제주특별시 강남구
86ebcdc1-8f6c-49bf-ba37-a9bbbc3b9509,이시윤,Male,1998-10-24,안성시 진구
5d3003f0-0aeb-4fa4-a2c5-3d0c43d42a26,김서아,Female,2003-05-15,부산광역시 동구
de01304f-bcf2-4892-a2b2-dc3758a70b04,전지훈,Male,1994-06-30,부산광역시 강북구
c3fe0a02-a13d-4dac-99f7-cea511c35f6a,최도윤,Male,1962-04-28,수원시 북구
b1462edc-59c3-4fae-a333-bd4ffdd25e1e,이도윤,Male,1965-09-21,서울특별시 강동구
5a5445b1-be7f-4376-87d8-bd7ca6313e11,정유나,Female,1981-03-17,여수시 북구
4fc03a8d-2dfa-4f6f-8c7b-efbc811871d6,심서윤,Female,2002-01-20,광주광역시 강북구
c82c9f95-ab55-43db-aea5-fe94fc7b4cdb,강주원,Male,1998-08-03,목포시 강서구
ac5ad17a-8f5e-4aaa-b41e-ab618c820fe1,이윤서,Female,1982-11-08,안성시 강북구
b9275485-1eba-4534-b2a5-71221842db51,신도현,Male,2007-01-17,목포시 강서구
326af0ad-299f-40e4-bc57-cc7ab5e780c0,강예린,Female,1974-10-08,울산광역시 강서구
16686a4c-cd5f-4ea8-bfa6-5416cd707345,최서현,Female,1969-04-01,인천광역시 진구
637df069-a2d1-4717-acc8-b2f876f2c0a4,심승우,Male,1983-09-12,세종특별자치시 강서구
f3856216-f37d-4815-bc08-12342e286fce,박서현,Female,1983-09-22,수원시 강서구
647b02d2-83fe-4904-8879-4edb356d20a8,정은우,Male,1972-03-08,목포시 서구
edb5fb49-d8d7-4ca5-a835-68dd00251a48,정수빈,Female,2006-04-15,목포시 진구
70eb9108-112b-48dc-bddb-a53dbd3080b8,이서연,Female,2008-09-06,울산광역시 강동구
f90eb9bb-c9c3-45e9-b559-aeb5b90339c6,전지유,Female,1998-06-05,전주시 강남구
92085218-3d8c-44e4-809d-26b856529d59,오유진,Female,1996-01-25,대전광역시 서구
e474b3d1-fd44-4f48-bc5f-c64a4805e658,박서아,Female,2003-04-05,안성시 동구
26ea9182-88f6-45d7-b73e-5acc6a73ccb0,조서현,Female,1982-07-17,전주시 강남구
b82a2a2f-e4a0-45fa-997a-b3f429978fdd,문서준,Male,1973-12-26,용인시 강북구
aa53098f-091d-44d4-86ac-a03b5cd44dd6,한현우,Male,2006-12-19,세종특별자치시 강북구
b50722cb-f37c-4e98-b123-66fff6760894,이지후,Male,1976-07-27,서울특별시 남구
842e24bc-ee95-4985-a93e-b21a147167c6,한민재,Male,1986-03-18,용인시 강동구
71007716-b6c1-428c-ac8d-0bbb35485b8f,정준서,Male,1964-07-24,대구광역시 강북구
a6d568bb-a909-4f97-9427-73eb47f6b0fc,문현준,Male,1963-04-26,안성시 강북구
3831a7e1-7b4c-4ff1-a4fa-467c2bf19760,박준우,Male,1963-02-18,용인시 강동구
4bc9902d-ea8c-4afe-809d-41107e28097f,최지원,Female,1971-11-04,포항시 북구
5922e9d9-cb6c-4079-b2af-45012f529569,신하린,Female,2000-12-19,경주시 서구
ad67b8b6-d7a1-4116-94a6-2aba82de473a,강예은,Female,1974-01-20,수원시 북구
21621652-ba0f-467b-9d70-be8684b3e0ef,김은우,Male,1991-07-11,대전광역시 진구
3ef1016e-2683-4171-a089-850ed9bd08b7,박유진,Female,1980-10-10,서울특별시 서구
356a6b9e-13dc-4b33-9c2d-3049179e2398,신서윤,Female,2009-02-02,여수시 강서구
edac54c0-2648-4d63-82a5-622626f99018,최서현,Female,1984-07-16,제주특별시 북구
ad3a4e1a-6331-4dfc-b468-2e4d67d39aa9,황민서,Female,1976-09-06,전주시 강서구
2c157b10-460d-48b6-9ad6-f5e2fb46d492,한준우,Male,2005-08-11,세종특별자치시 강동구
9073406e-0dd4-40ee-a770-e94203e75caf,윤주원,Male,1999-11-12,울산광역시 강서구
a78ee689-474c-41f8-ae59-205be53a6923,유우진,Male,2008-05-26,울산광역시 동구
a1c8ff44-7719-4d06-b8cc-24078a3d1f1a,신이준,Male,2006-03-12,여수시 진구
a8a85375-c215-4ad1-abd6-bf039e26b185,한민재,Male,1964-10-26,전주시 북구
13ea0e35-0c08-4695-af7f-0c77ad189b96,문지민,Female,2001-01-09,세종특별자치시 진구
63aea9cb-ecef-47d9-935b-a8cbe3ad9bf7,신서진,Male,2004-01-28,안성시 강서구
fe186cff-0aa2-49b1-b00d-731580a6122a,신채은,Female,1973-09-02,수원시 강동구
ae316d7a-cc7d-414f-99e9-3992bee23d51,문서현,Female,1991-10-12,서울특별시 강동구
455b831a-001b-497e-8626-ea154956a999,한지안,Female,1969-12-22,목포시 북구
1712ca34-44ad-4a40-8e74-fa33d0ec6e5a,장수아,Female,1985-05-20,경주시 강동구
fa91f6db-c125-4b16-9ea8-b179797b7d5e,오하린,Female,2000-10-01,수원시 강서구
52561aae-dc98-467c-b636-62be8d960207,최도현,Male,1987-02-20,포항시 강남구
ef2b0408-196d-4567-bd6f-941e7e4bc716,오현우,Male,1993-06-27,전주시 진구
a4a3b065-a933-484b-8993-5f762955f01b,강유진,Female,1965-06-06,전주시 동구
296e88da-98fe-4486-91cf-1f169d504c17,문지아,Female,2005-06-01,안성시 서구
e7e8655d-1445-4259-97cb-6c30a5a315eb,문서아,Female,1963-09-12,수원시 강동구
4f3949db-ef2c-4e73-a630-2ef71bcea107,한시우,Male,1973-02-15,여수시 북구
1a07111c-32ea-42bf-b538-70e026a97aed,황지안,Female,1992-06-15,경주시 진구
13536240-dad2-49a4-8b9e-3bbc4abac8cb,이예원,Female,1984-11-17,광주광역시 강남구
1e53d7bf-cdfc-4c3f-aabc-7a4b7f498d8a,전승우,Male,1979-05-22,울산광역시 강동구
3e9538fe-5f8e-43ca-b1e6-ad9b652679e4,정소율,Female,1972-07-06,전주시 강서구
a10d66f8-970c-42ce-b147-05ee38fa9234,최유준,Male,1991-11-16,인천광역시 북구
023aabc9-cd50-4c60-b274-dd5e39e4e86b,장지윤,Female,2008-11-24,여수시 강서구
dcba8f34-11ad-4dbf-8ff8-362f5384d3df,신소율,Female,1984-11-16,포항시 강동구
74322514-6feb-4d52-ba97-1e43b5c6859a,황시은,Female,1972-10-08,대구광역시 강서구
bda6aeb9-9afc-47d3-a9c2-fb08ab433696,황수빈,Female,1988-10-10,여수시 남구
93ddabcd-5a9f-44f4-a6fa-5a5a7cc15e48,윤지원,Female,1987-12-07,목포시 강남구
2de415ab-7fd3-4427-9bc1-6ca4625e8a61,박지우,Female,1963-12-19,포항시 강서구
f28678a0-86f4-41a0-b8a0-340a2be1a062,장우진,Male,1987-06-03,목포시 강남구
c110420a-c814-4120-af12-687e429e0d2a,오이준,Male,1982-09-18,여수시 남구
67bc676b-a335-4a5a-b0db-7bb7ede89c43,신시우,Male,1979-02-03,부산광역시 강서구
ba080dc7-1036-4e5a-9cec-389a541ed8cf,장수빈,Female,1962-02-10,인천광역시 진구
68e18942-8df6-414b-b1a8-f69b67e88961,유서연,Female,1961-04-10,서울특별시 남구
d8598412-7ab3-4db7-b97b-ad1035faaece,황서윤,Female,1987-08-13,부산광역시 강동구
e643384e-dadc-402b-b166-d75783925d83,심소율,Female,1992-03-11,광주광역시 북구
d598ca2a-b059-4e13-afb2-fdec73d71c35,문예린,Female,1977-08-01,광주광역시 동구
2fdfe569-af0e-4b31-9398-8f5dcd4fb3bc,오서윤,Female,2001-05-18,수원시 동구
e1431218-26ca-471c-a71a-0140bebcffa5,전지안,Female,1971-10-27,전주시 동구
17a3c478-b582-4ad1-aa34-6a0955b481cc,정유나,Female,1974-11-04,인천광역시 동구
63db5304-9340-4581-8418-f596b0ff693a,이지환,Male,1987-10-16,포항시 동구
4aeb274e-4478-4114-ab5d-83ebebb9f24e,임다은,Female,2006-08-03,서울특별시 강동구
fe86ff31-d445-45d5-9846-160415ffbe3f,박승우,Male,2004-04-27,서울특별시 진구
08bc32ca-0f02-449e-8610-e4157123ee35,신도현,Male,1967-04-05,제주특별시 남구
263ff60b-554e-46c1-8af4-22048860c55c,유도윤,Male,1998-03-15,울산광역시 북구
47b2118b-f155-4e1e-8dad-a45330627b4d,신은우,Male,1968-11-14,광주광역시 강동구
adbbadb8-f9e7-4439-a621-f8bc787ce4ab,유민재,Male,1981-07-24,안성시 강서구
b9cba011-055e-4fec-9f68-ecaa542cad27,윤서윤,Female,1981-02-05,안성시 남구
5e468226-7b3b-4feb-abf4-49fc44502ca5,윤채은,Female,1972-07-21,경주시 남구
26c55ac6-af05-41a0-8399-f1a9149ddfa6,강지원,Female,1983-12-28,여수시 남구
efe53498-1c6b-4d4a-bcaa-ac50ec01b7ef,문소윤,Female,2000-10-23,목포시 강서구
294f9a43-4053-4f0b-901d-80e17da8edbd,강서연,Female,1968-01-10,전주시 강북구
78f5bb37-6d27-49bf-a994-b7d1efceba57,오도윤,Male,1981-09-19,수원시 서구
018f0d80-a128-4dc4-95e1-c796ef70144e,한주원,Male,1971-10-15,안성시 서구
bf0143e3-5ffd-4905-b524-36378970eee7,김시윤,Male,1960-05-11,부산광역시 강남구
9cda3121-88a8-433f-8fca-6090fdda05d0,이지안,Female,1996-12-21,안성시 동구
4c0ccd4c-4826-4852-b9d8-7f105a91a6a7,정소윤,Female,1999-04-30,부산광역시 진구
9fe027aa-d9d8-4fc2-8b4d-70293ec95bf4,한시우,Male,2009-07-10,경주시 진구
dcc8a1a6-6a67-4cca-a3eb-083b1802efab,장유나,Female,1984-08-17,여수시 강북구
5f4b2dd4-b41a-454f-a1ce-82aa1c053127,윤하윤,Female,1995-06-12,목포시 남구
d3d9265e-2e02-44ef-b532-f4c87f0b5a42,장예원,Female,1998-08-17,수원시 강동구
336351da-5ce7-4946-8592-e3c5ec29a364,박예원,Female,2005-07-04,인천광역시 강북구
775f31e7-55f7-4eeb-921f-5881c0a64c29,신유준,Male,1976-05-09,여수시 남구
3fba04d9-6f58-4373-b248-ff0eda614345,문예린,Female,1989-11-21,부산광역시 강북구
7d50f89e-a8fc-4f73-a686-9eef28b60c66,유정우,Male,1999-09-26,안성시 진구
ad7bd6a7-889a-423b-b9f4-18c9f165fb65,정채원,Female,1972-12-30,부산광역시 북구
0d649570-7169-4e74-b394-554d9644e70f,박채원,Female,1960-07-31,인천광역시 강서구
a35422f3-906c-4526-be9b-5a7e53e8b54e,최서현,Female,1983-06-19,세종특별자치시 서구
c3f2d3ed-d25a-4a9c-9848-e8bf8a1757c4,최지후,Male,2008-06-28,전주시 강북구
da64bf83-67b2-4201-82fb-f279b479ddc5,이지안,Female,1970-06-22,여수시 북구
51fbddf5-1347-48af-89a4-943b6d50a235,황서연,Female,1965-10-02,전주시 강남구
f0d21227-88c1-491b-84fd-9e14b51c3b80,전서윤,Female,1963-02-22,전주시 동구
74cb7bcc-8291-406f-8d65-aecd2b839ded,정민서,Female,1975-01-03,경주시 동구
3bdf05ec-bd9c-4cbd-bdf6-2ec484feb9b6,유은서,Female,1987-05-08,전주시 남구
b6a2ec54-9df0-491b-9bad-2d1b032f19af,문하윤,Female,2002-07-27,대전광역시 강북구
37131736-9c35-4a46-a291-9c3625411020,윤지안,Female,2008-06-14,광주광역시 남구
834fc2e4-a1e4-4799-8de0-9ba72a192146,신유나,Female,1968-01-05,세종특별자치시 강동구
4add3895-4df9-4ec8-a510-17c4b855fcf4,장유진,Female,1985-05-20,경주시 서구
4e58797f-d44d-4d47-9422-d2624a7d73f0,유서연,Female,2004-09-14,광주광역시 강동구
06b4179f-82fb-471b-af24-ab5481e536b4,정건우,Male,1991-09-02,제주특별시 강남구
cbd82de7-d2b8-4d87-8abf-bdc288ba511b,박지아,Female,1978-06-15,서울특별시 강서구
15d9abc5-8378-48e8-b691-4c1ac67dd71f,조윤우,Male,2007-01-13,대전광역시 남구
bef1dd66-8daa-462e-a5fb-7c40c4b6f31e,강예은,Female,2003-02-29,인천광역시 서구
b00aec74-f49b-4acd-9872-fb9730a91599,심지후,Male,1963-04-22,전주시 강서구
c2d716d9-59e3-412c-806a-f6a5cfe5107e,임하은,Female,1976-05-21,안성시 진구
80617821-1ec5-4588-8f65-eef6c6e92ce7,윤지안,Female,1965-08-04,전주시 강서구
c0349d5e-c016-4a30-ae6c-8b1fbdfb007c,문서아,Female,1998-09-06,대전광역시 진구
7d966d03-cfef-410d-91c9-230dce6611f7,장서현,Female,1980-11-08,포항시 강남구
bd4b0a6d-0f30-40e4-8e4f-d7ba762463fb,심채원,Female,1979-10-04,여수시 강서구
63b84d18-c56f-4271-986b-22cc8222b4bc,한예린,Female,1970-09-21,경주시 북구
9d31cce9-9a71-4a8e-9b11-68f222bd5a3f,장지우,Female,1962-11-27,전주시 동구
05db2d92-5209-4cae-bb62-7eaf9f6a5638,김도현,Male,2006-10-15,경주시 남구
56cfe99c-cb68-4561-9953-33379444dc8f,심은서,Female,2008-07-12,안성시 강북구
ad34f321-b519-45a8-b734-0d49decd7e1f,정지우,Male,1964-08-27,용인시 강동구
bea81421-5a1f-4de7-90dc-f0ed386b4e81,전예린,Female,1998-05-21,안성시 동구
4744ef06-2779-4839-8c81-b42fb3a0ba2f,정윤우,Male,1998-07-04,광주광역시 남구
03c54f7c-2d17-44c0-b727-c5fbe4e90c06,장하준,Male,2008-07-21,포항시 진구
ae93b64d-ca11-48e5-b921-24a4de5db00c,강민서,Female,1976-08-20,인천광역시 강남구
6be3f7e5-23f1-4255-a2fd-9f48d2256315,박서준,Male,1974-12-28,목포시 북구
c779d2e5-3f5a-49bc-aee4-942176e4ee09,황수빈,Female,2008-04-16,포항시 서구
88554444-b66d-434f-9e01-53b4c428f629,박시윤,Male,1967-11-21,포항시 강동구
90854545-149d-40d5-b3f5-f77da35118bd,유하린,Female,1971-05-17,세종특별자치시 남구
1c72a992-22fd-4410-b12b-86e80f4169bd,강소윤,Female,1990-10-10,부산광역시 동구
e869d43d-bc83-4af2-953d-67b05f270d1e,문지윤,Female,1980-07-11,용인시 강서구
b2a71199-5c7e-434e-bc41-0c0cb82d7023,조지윤,Female,1984-12-12,경주시 남구
d52b352c-2ffb-4d96-8f93-bcae04d8657c,장지안,Female,2006-02-17,대전광역시 진구
03376de4-ded0-4901-8269-0ecd0d50a953,심승우,Male,1994-05-28,부산광역시 동구
d626888d-16e6-481a-a4cf-6687542ee457,박유준,Male,1974-10-10,울산광역시 남구
e5a28b2e-3db5-4281-8f78-775436e260bb,한하린,Female,1968-07-11,전주시 서구
9baa8586-ab4f-439d-8b4a-21708e575bff,한민서,Female,1984-10-06,포항시 강동구
e1f5ac75-77e0-4a82-bf21-b828411fb79c,한정우,Male,1992-10-10,경주시 남구
7ca0a306-64d5-43c9-a6a8-a64b8d71ed57,오서현,Female,1991-04-16,부산광역시 서구
2096b5a1-94c8-4826-ab9f-f1a579628574,유현우,Male,1989-03-29,대구광역시 동구
beb532e5-5c15-406c-b380-3c6f8791a3cd,황선우,Male,1975-07-17,여수시 서구
a7d440a8-95df-4e70-9790-73eb0b5a5a7d,전서윤,Female,1998-03-18,수원시 진구
b355bdc4-1c76-4f75-96fb-3d265daee730,한소율,Female,1980-05-27,제주특별시 북구
149ec970-e1df-41fe-8258-90504925746c,김지원,Female,1986-06-02,세종특별자치시 강동구
c342fd93-4e28-4907-b5dc-d0b742e967d5,임현준,Male,1985-09-10,대구광역시 북구
33612f44-c149-40f1-9133-96e1e4be90a7,장이준,Male,1997-05-04,안성시 서구
8abca84d-330c-4a8c-9b98-1eaa253f57b7,심지원,Female,1981-08-30,광주광역시 진구
6afb6146-7982-4dd8-84d9-682fe7ad3b3f,전정우,Male,2001-11-12,광주광역시 강동구
ebfbb1a4-1ef3-4c43-b094-d69f0e8835e9,강지민,Female,1977-12-07,대구광역시 남구
0d5b7d6a-368d-4bef-95ef-c5a960c8b8fa,장정우,Male,1995-05-27,안성시 북구
9cead78a-fdfb-47fe-884d-27d9cd2d7340,황서윤,Female,1960-03-23,부산광역시 강동구
5d2657ed-6412-4b1b-b1ef-a03b94926f5b,심유진,Female,1988-06-04,여수시 강동구
6052c11d-d43f-42df-b642-027d9d277845,정연우,Male,1966-07-10,포항시 강남구
0481135f-1f1a-4dca-9e86-0fa5378598c5,심하준,Male,1995-08-22,세종특별자치시 서구
60494cd5-1090-416e-ab49-e2a2808d2881,오수빈,Female,1971-04-30,포항시 북구
b44b271f-b69b-4971-bdb6-5b4482376f8d,신연우,Male,1995-03-27,세종특별자치시 동구
0f250691-4aff-4207-83ad-f9e3785522f1,오정우,Male,1977-11-27,경주시 남구
eea9400b-0b0d-43cc-827c-3924909ad7a2,문지환,Male,1998-06-11,경주시 강남구
61b98373-82fa-40f6-9f8d-09ed9c0b8e0b,오시우,Male,1968-04-16,대구광역시 북구
69a1bc59-9757-428b-b672-72033139c78c,임하은,Female,1964-05-20,제주특별시 남구
6be47ab4-7d60-4e55-a9d1-b0174cd944cd,조채은,Female,1975-10-03,목포시 강남구
90bd1b84-ee25-42a3-88d1-faa24df4413f,문민준,Male,1962-08-26,대전광역시 진구
d6caad50-8376-46cf-b522-f42f713ca235,임윤서,Female,1960-05-15,대구광역시 북구
84f33a51-72ea-4924-8b07-a8bb93d9262f,임하린,Female,1971-05-05,용인시 진구
d5d22175-e066-4056-a110-0c0069b993bc,조다은,Female,1979-10-20,인천광역시 강북구
c258c437-27dd-447a-8310-4dc05cb75f8b,신윤서,Female,1968-04-18,여수시 강서구
d04ade1d-53da-4e85-989c-cb4446e795f2,한지유,Female,1998-05-09,목포시 강동구
df78b527-ec91-4496-a902-aeb3bad0db84,정민서,Female,1991-06-02,경주시 강남구
55463bef-7913-4e6c-b235-e7e61ad0d8f7,최윤서,Female,1986-01-27,부산광역시 서구
a3fa3db7-275f-464d-a683-738c1e6b25a3,신하린,Female,2009-06-28,수원시 동구
8d6c2099-ff5f-4db9-b1e2-fdb6ec71ac7b,오우진,Male,1996-09-28,대구광역시 진구
93534101-4fb2-4d6c-9106-b9e8fab585b5,조윤서,Female,1978-05-07,포항시 북구
bed00f92-4837-443c-85f1-966d1b52b17f,문소율,Female,1978-11-09,대전광역시 강동구
5c70952e-f351-492a-8254-ea68bae81948,최도윤,Male,1972-11-24,안성시 서구
941b8dc3-6625-41f6-bd88-046bf60b557f,조하린,Female,1990-07-18,수원시 진구
17c99119-d0c3-490a-847c-0d21d4dbc025,문하준,Male,1984-12-24,제주특별시 강북구
27dc6c80-bca7-456d-a79d-739662f9e71c,김채은,Female,2005-07-27,수원시 강동구
cba963d3-b9af-4198-97de-3f514299c5d4,이지원,Female,2008-12-03,안성시 강서구
be082346-9e0e-4b9a-9697-67e55c27f8f8,신예원,Female,1996-06-30,포항시 강서구
d82077de-5950-484e-be06-63ed0c1f7e75,오승우,Male,1969-01-11,세종특별자치시 서구
aabe405b-1c4a-49b6-be99-1521b02218dd,심서현,Female,1973-05-27,서울특별시 남구
7e62d623-500a-4043-b1e3-9647154528f0,오지호,Male,1977-04-11,안성시 서구
7dc5318a-682d-4471-9721-59e340634dd4,전하준,Male,1993-10-13,부산광역시 서구
30f376fc-b155-4825-bb2f-a232eaa8b8ea,신유나,Female,1988-01-15,부산광역시 진구
8b63a677-43b8-4ffd-81db-01471a9108f4,김민준,Male,1982-06-11,울산광역시 동구
ad80e348-6642-4662-855b-214e1586aa9a,심지안,Female,1966-11-20,포항시 서구
4acba17f-ccda-442b-bbf4-dfd3e6c40ea9,김서윤,Female,1979-12-06,여수시 진구
b550f467-6525-461b-bbca-eca5987f1ce0,조유나,Female,1973-05-14,인천광역시 서구
04f86f88-c623-450d-99a0-d47978f8f138,황서아,Female,1969-03-13,세종특별자치시 강북구
aa81562d-0ab4-48af-bd18-46c3d19d121d,이은우,Male,1973-10-12,목포시 진구
f4130301-eb7e-4860-b8f0-7e615128e7e7,문예린,Female,1963-03-19,여수시 서구
b3a3d814-c664-432f-9c1a-49885afe11e7,최준서,Male,2003-12-13,서울특별시 서구
de9d0891-a630-4b07-b58c-0d2da53d60d0,황도윤,Male,2005-11-27,인천광역시 강북구
c22e05e3-c804-4879-bd6f-a707636bc93e,이윤서,Female,1966-08-05,광주광역시 진구
b0b26f3c-b6a6-4d14-acd6-ad11dae8d952,윤유나,Female,1963-02-27,용인시 진구
78ae5b64-4d6c-492c-a9cc-dc16a5035382,박건우,Male,1966-01-15,서울특별시 강동구
0045872b-da3c-46dd-b8e2-e3b75f9d631a,한지원,Female,1965-07-16,포항시 서구
f5aefb26-8d2a-4acc-8f64-7f8144d70d30,김지민,Female,1989-06-26,광주광역시 남구
2196e983-ed9c-4752-911c-cf4807af958d,강하준,Male,1978-02-10,포항시 강서구
6eee7f94-43d6-4ba0-9900-5bd0b9451afa,정서현,Female,1962-06-09,인천광역시 진구
e5004d42-925e-4110-b116-952c62661f3b,한하은,Female,1982-11-03,경주시 강동구
10da32de-599b-40a6-a99b-4b15c00564e8,임지안,Female,1988-08-23,서울특별시 북구
0f23f30b-9ab6-4a3c-ba49-94bac5b1b8b6,한준우,Male,2000-02-19,인천광역시 강북구
6c6d7634-6a91-4146-b9c8-81ec0992d710,임민서,Female,2000-08-04,포항시 서구
695d3935-f11d-4130-a327-ba06cb03a1dc,강지안,Female,2001-12-15,전주시 강북구
a14992d1-6702-47dd-befb-abed87879157,박지윤,Female,1980-07-04,용인시 북구
187a41cd-a1d8-46bb-807e-0cd488a8e421,박현우,Male,1977-02-21,용인시 북구
56f04456-6825-40fe-b1ee-9b5a2bf26150,임채은,Female,1982-12-07,경주시 동구
19873710-4739-42b4-8913-dae590b85381,강서아,Female,1965-11-13,서울특별시 동구
951174f4-b43f-4e6a-b615-b90fc7363de1,정지안,Female,1984-04-03,전주시 서구
ecc0d7a3-cb03-4b90-825a-8f303c6ee1b6,전지훈,Male,1971-05-23,제주특별시 강북구
bc6546af-5c96-40db-b3f3-508ba66b645b,오현우,Male,2001-10-25,인천광역시 남구
249bb4eb-7a11-4fde-b08e-9440f01fecd6,오윤우,Male,2009-09-14,광주광역시 강북구
31240f23-e35c-4508-9e66-0364a990dbad,전하준,Male,1993-03-19,대구광역시 진구
f2e5813b-51b2-421f-a106-7515ef7fc957,오은우,Male,2004-01-16,경주시 강남구
d8f34ec3-8bcf-4701-b5e6-31f9f8123d35,최하은,Female,1970-07-05,전주시 강남구
79006eae-7c2a-4cc7-8015-081962cd7bd7,문예원,Female,2006-08-26,수원시 강동구
f21ded0f-f27c-4030-9add-42946863f0a3,임지민,Female,1961-12-04,대구광역시 강서구
55ecb864-d300-4969-8137-4b87daff60da,심준우,Male,1980-05-09,목포시 동구
fd4ff1cd-98a6-4c17-b537-ca4bdf1e2367,황예준,Male,2003-04-06,부산광역시 강남구
694c53e7-72c8-46c5-842c-59edc492456a,강현우,Male,2008-07-29,여수시 강남구
693b3a85-98d3-4289-bdfc-0dfd6c39992d,심서아,Female,1984-04-22,용인시 서구
0d0637a5-20b3-42b6-89e3-cf49fff766fa,강시우,Male,1969-02-06,전주시 강서구
1c849d91-e974-4b37-ade0-dc0c90ce18da,임지유,Female,1988-11-06,대구광역시 강서구
fdb95dbc-241d-4b63-b49e-b363aa7e9a97,심유진,Female,2006-01-24,서울특별시 동구
d4338409-f160-4ee2-829c-8e3066a3b1cd,이예은,Female,1974-03-27,제주특별시 동구
c7457e6b-73bb-4b8c-a8ea-66a429848172,신도윤,Male,1997-01-05,안성시 강북구
ec0a1137-3a09-4faf-abdf-b079f7e9f6c6,심지우,Female,1990-11-02,서울특별시 북구
c7020994-37e9-463b-b0ef-0cd34728122d,장지우,Male,1991-02-19,용인시 동구
c7e65a2e-0ac4-4691-ae9c-fc998c02b93e,조지훈,Male,1979-10-27,부산광역시 북구
8f4c5cc5-b6e6-47d2-ae23-d66e5655e766,임준서,Male,1998-03-15,전주시 강남구
85d7450c-ed31-4e9b-ae1a-642d232d88d2,심소윤,Female,1961-10-27,광주광역시 강남구
b0eaebda-cf42-4136-8323-85ba1109d2c8,최지유,Female,2006-11-10,부산광역시 북구
b3cf96a5-a12a-4de0-9423-6fc050d94f78,오서준,Male,1975-05-25,수원시 북구
4ce9b8c4-3cfe-4e4c-9965-a02a7107ae85,장유진,Female,1993-11-15,울산광역시 서구
d29382c1-3fb9-47b1-a51f-55026b8f90fe,장우진,Male,1977-10-02,경주시 강남구
145c345e-f563-4c2e-8f69-b455ebdb67fc,정시우,Male,1986-07-08,대전광역시 강동구
d555489b-8623-4070-b1cb-24cf386ae374,심민준,Male,2005-10-03,경주시 강서구
e493214e-83e0-4ba0-843a-b4a8e0f906f1,신지훈,Male,1979-08-26,제주특별시 남구
c532ca88-96f7-4e04-85ca-ef3ae69be648,박수아,Female,1967-10-02,인천광역시 동구
3fb71293-e5dc-4206-bee4-953019513dce,임유나,Female,1998-03-21,부산광역시 강서구
1bc2f7a0-b536-4eac-9d2f-03ab5df6c2dd,장지원,Female,1966-03-19,안성시 동구
97ad44fa-192e-41c2-bb1d-5384c4693549,신지후,Male,2005-04-17,포항시 강서구
247b8a3b-c1d1-40d4-8d86-6f60fc9b8bf3,유예원,Female,2001-10-05,수원시 서구
ecc8a6e8-7a60-4bd0-b165-8a85aaca7002,조지환,Male,1977-01-12,제주특별시 강남구
8b4bcdd1-7a65-4797-9e8c-0d3124b8fb6e,정수아,Female,1992-07-23,울산광역시 서구
1a32aa8c-47cc-4caf-a14a-eb089e7031f1,강지윤,Female,2008-12-01,대전광역시 강서구
30d523e2-ea87-4bf1-88cf-ad80153870f5,윤지후,Male,1987-03-23,제주특별시 강남구
61a763aa-86fa-4838-a7e8-b791b1ed072f,강수빈,Female,1973-05-26,안성시 강동구
e1684fe9-a486-4f30-b4c9-da1bca93e382,정지후,Male,2008-03-13,대전광역시 강북구
a15c84d3-5fe4-4563-a73f-ce05154a1ba3,유건우,Male,1997-06-04,대구광역시 강동구
495a0c7c-8fbc-4cc5-be5f-e2fd87f8f464,유채원,Female,1960-05-11,인천광역시 서구
b30c4f26-881f-46bb-953f-e1ecd6ea629c,이채은,Female,2005-03-07,여수시 강서구
4f365678-6a5d-4a46-9960-f0d77d62e341,강준우,Male,1998-04-19,부산광역시 강서구
abd82ddf-e6f2-42ca-a460-f6419526e61b,한건우,Male,1972-04-15,수원시 북구
2977c542-306b-459b-8485-ebbc4ff93232,한예은,Female,1981-06-27,포항시 북구
69c48064-5b27-47af-acc5-4aa9759e2d86,이지우,Male,1966-03-30,제주특별시 강북구
59d2adc8-66c3-49fa-a0dc-c5290dccd19a,한다은,Female,2002-06-02,수원시 북구
eff3ebe6-e7d1-4d15-a843-9ab3940e9124,정현준,Male,1973-09-14,서울특별시 강서구
17d91e10-7f69-463b-b1ac-9c8407f35c00,최채원,Female,1979-06-11,대구광역시 서구
d2f0173e-8e58-460d-87a6-8c8759a1b751,임승우,Male,1998-08-29,부산광역시 동구
b7077f65-0716-4125-9217-7af21cf52ab0,전도현,Male,1984-08-06,여수시 남구
4baae936-2396-475d-a336-05bfc9fc654e,심서윤,Female,1988-12-31,포항시 강남구
5eb25556-fd79-4bb8-b8f2-8aa340b4229e,문지우,Male,1981-07-07,서울특별시 강북구
eb0c2a9a-5f88-4568-8beb-73c23e38acd5,한도윤,Male,1975-07-29,세종특별자치시 강동구
8ee5dbe1-4a10-4208-8630-67445e75d5cc,이윤서,Female,1995-03-01,경주시 동구
634ec50d-8346-4d50-939e-506426b63cc3,임하린,Female,2001-03-20,전주시 진구
5c143473-4d6c-40e5-afa4-30241b9bb1ab,유승우,Male,1992-02-12,경주시 진구
992d261b-4644-405e-9fe0-1a10c7910fc3,한유준,Male,1993-08-09,부산광역시 남구
35500e13-8df3-4b6a-9665-0a41c1b5506f,문이준,Male,1996-04-22,여수시 남구
a39b6d91-637a-4580-af02-edd69751dc10,신유진,Female,1983-03-18,여수시 강북구
37bff0a4-b5ad-4c4b-bc4b-dd463385699a,한현준,Male,1973-02-09,포항시 북구
8bb89a43-5d79-4f42-889f-d44c7a54d27e,김채은,Female,1970-07-16,대전광역시 동구
a9330f80-7c67-4d50-817e-c888c5d8f27d,정소윤,Female,1975-09-21,경주시 동구
0c79d1d8-ee9e-435e-80ea-59f16761746f,김수아,Female,1970-01-05,목포시 동구
36486881-6c33-4cbf-9201-82b603bcc0ba,전윤서,Female,1978-02-14,안성시 강북구
07921a92-d8ae-46ba-80a8-a20f61b353da,임다은,Female,2004-05-30,세종특별자치시 강북구
3c694eaa-da79-4e18-9fca-49a155437ec5,이지우,Female,1987-09-04,포항시 강동구
ba04e364-5039-4187-a3db-70a7a80bb900,최유진,Female,1963-02-16,대전광역시 서구
fe9dfe97-6f23-4350-be2c-a2b37d64018a,윤수아,Female,2007-08-21,포항시 강동구
fd52060b-8374-4aee-bc3b-da8c234d5829,전예원,Female,1972-01-13,수원시 남구
a1ffb136-6224-4c60-b75c-c2037da4d237,윤채은,Female,1968-01-24,전주시 남구
53e1388c-3f15-4c46-addb-c6511970af1a,황민준,Male,2003-10-04,대구광역시 동구
e1966386-f890-40a3-9dd9-1a93cc477733,신승우,Male,1961-09-08,울산광역시 진구
dfcc142c-e561-499a-b907-37eb845681b5,장지우,Female,1996-04-24,수원시 진구
aedc08c1-abd7-4ffd-b59a-912b81552129,정소율,Female,2009-09-24,경주시 동구
1a33198c-948d-44d7-8b43-a7167d080e65,정은서,Female,1998-05-15,대전광역시 북구
4fd761f5-295f-488c-8603-89d75d58439b,윤서윤,Female,1962-01-03,목포시 서구
314b8665-3f93-4b3f-ae94-4f430cf3d1fd,최예린,Female,1975-06-03,울산광역시 강남구
cb4dfb4b-871a-4a23-8269-c37663366538,정지후,Male,2009-05-30,대구광역시 강동구
367260c5-ee55-427c-81ba-857d1faa4b70,이하은,Female,1961-04-15,울산광역시 진구
667f0b50-f6d5-4e0e-b337-b880999b1ff1,최하린,Female,1995-06-15,목포시 강남구
b7f1d3ad-1bdb-41ac-ba4f-781d652340e0,장서윤,Female,1976-02-11,포항시 서구
5a44e3c1-e5ea-41ff-913f-5f429687a45e,조지윤,Female,1969-02-05,경주시 남구
d6206f8b-fea6-41f6-9c6c-4c135127cc95,신서현,Female,1989-04-01,울산광역시 북구
31612eed-51f5-4749-819e-e556321f55a7,유채원,Female,1982-05-14,용인시 강북구
e8be6bf9-7400-48e3-89af-6d65bf841242,강지안,Female,1989-03-04,여수시 강서구
f54878ad-ed2a-4170-bcec-d9e544d977bc,신하윤,Female,1980-02-28,세종특별자치시 강남구
a2aa4946-d01c-4482-b50d-4d388e5f622e,최지훈,Male,1999-09-22,부산광역시 동구
c3611a0f-fbf1-4eff-a5e3-5eab4527e602,문현우,Male,1975-07-16,경주시 강남구
c8d5130e-994f-4dc4-add8-3e7126cfac69,문민재,Male,1979-09-24,경주시 서구
09514627-ccea-4173-a5b9-4e1f8693b877,정다은,Female,1994-11-16,포항시 서구
93f8edc5-3838-4cb3-a4e9-49fbe659efd7,조하윤,Female,1974-08-14,경주시 강북구
1a873078-3e2f-4d5d-a4a8-34acdacedcc5,한건우,Male,1971-04-22,인천광역시 강남구
1407a0bc-7c59-4744-8254-efa32fb0835a,전하윤,Female,1995-07-28,제주특별시 북구
3f70426a-7b25-429d-8f14-ec78a013119c,오소율,Female,1978-02-06,인천광역시 동구
05fb93a4-e5c0-4172-85cf-82f439ae62d8,임윤서,Female,2003-07-09,제주특별시 강남구
39a5090e-7d65-43c8-ab41-55b6f1a22ee3,이윤서,Female,2000-02-11,여수시 진구
d938ee06-b701-415c-b16a-7b920c541513,이지유,Female,1978-12-29,제주특별시 북구
623d3084-63d2-4dfe-870c-12bae3db2984,오민서,Female,1963-12-27,제주특별시 남구
3142e0da-9399-42ae-9c57-bd272b678e2e,유지후,Male,1983-12-20,대구광역시 강남구
183b5592-c54b-4500-b357-9dbeee1ca251,조서아,Female,1969-02-20,전주시 강남구
9e2a1630-77a3-4174-bf00-3698469e693b,박민재,Male,1960-01-13,안성시 북구
a77d9a6d-cb79-47e9-bc59-6b461bc13bd6,유지후,Male,1996-01-26,광주광역시 강북구
6643647a-0cc4-482f-8cbc-44d6a5679a82,전서진,Male,1975-07-03,목포시 강남구
b041e509-63ec-437b-8c76-e3702f2f5832,정예준,Male,1961-02-10,대구광역시 서구
f1b62cb0-714f-4936-994e-e1fb749ef38d,신주원,Male,1961-06-19,울산광역시 진구
c8e52083-b7f8-4c2e-babf-0aa3a6a39bbb,황예은,Female,2006-10-19,여수시 서구
bc795dac-1307-4076-bf59-5b521e4e212e,유지아,Female,1985-08-22,전주시 진구
80a4b288-f2ad-4a53-ae47-ebba108b70ba,김하린,Female,2008-04-09,목포시 남구
d9ea5d06-1365-4a65-86c6-6e5e136ed8d3,이연우,Male,1963-04-24,목포시 강남구
b3e8f750-1a3c-45c9-9f9b-5f8bd2fcb803,심예린,Female,1981-07-01,제주특별시 서구
94cfc42b-8138-4da8-8317-e2e5d7224fa7,문이준,Male,1968-01-13,서울특별시 강북구
54e8feaf-6109-43c9-8f25-577ebdacb8cd,신하린,Female,1970-08-18,대전광역시 강남구
99075ee9-6c91-47bb-b12f-4132f5eec86d,임서아,Female,1961-02-22,광주광역시 동구
355c6674-64de-4089-9ee0-d69a74f6dbb5,한유나,Female,1971-05-28,안성시 강북구
12cf4c25-9b04-49a3-afc3-004035eec263,최예준,Male,2000-02-13,인천광역시 강북구
f933534e-2da8-49d0-9961-a165ba71891c,황채은,Female,1996-07-15,제주특별시 북구
a88e1858-de6a-44e2-b49d-edab46c0f803,강지환,Male,1963-07-30,포항시 진구
1d7046b4-29b7-49ba-86a5-ccbfa24476ff,신준서,Male,2002-06-25,울산광역시 서구
99fdb7ac-ea5a-4fac-8fbd-762d181977ff,황하은,Female,1980-12-03,전주시 서구
9900aa38-02ce-40a4-af5e-4153ed21b0aa,최지윤,Female,1986-01-23,대구광역시 서구
7ee80c0c-4f02-4fa7-bfbc-7fbab453e38a,이건우,Male,1995-10-28,대전광역시 동구
22938998-ee62-40b5-88d7-3d8c2bcefa8c,한지훈,Male,2000-04-06,용인시 강북구
ac6f4e3d-abb8-4686-9128-8829009f58dd,황승우,Male,1992-07-09,안성시 강북구
785200c0-c7fd-480e-bdba-af55884cf3d7,강지민,Female,2005-09-30,서울특별시 강동구
17d6fc45-f1e3-448c-9193-4e26104a2332,황연우,Male,1994-03-11,세종특별자치시 남구
f12ba606-2678-48c3-9dcd-c4fb9bf46b6e,오정우,Male,1992-06-07,서울특별시 서구
00cbe869-1f9e-4f25-90f7-d47c7da3cb67,장하준,Male,1990-10-11,안성시 진구
1484075f-e8b9-498e-88d7-5e6f5071f418,신지원,Female,2002-07-24,용인시 남구
88495b1e-3948-43f6-bfd8-e62e59f71496,한주원,Male,2000-03-25,안성시 강남구
1f4d40c4-d7bc-4c14-8eaf-35966c8a9742,한예준,Male,2000-05-02,세종특별자치시 서구
a41b961d-9f4d-48d9-9cfa-88a7b58cd190,강하윤,Female,2006-01-20,여수시 강북구
7e8c657a-63e0-44bd-a0f6-74074716980d,임시윤,Male,1961-01-23,서울특별시 강남구
5cca5b56-7ffa-4366-96c3-0aaa4fea77b6,정윤서,Female,1998-01-15,전주시 북구
741f6396-2929-411e-bdf1-757d252b84eb,한민서,Female,1964-08-14,울산광역시 동구
184fa34e-a07b-48ea-818b-ecedd66cfa95,한하린,Female,1970-10-09,대전광역시 북구
bb710499-8ab2-40db-9b1d-79932010d2bc,조승우,Male,1982-08-07,인천광역시 강동구
afc9a3c0-8db4-4ebb-bffc-a2fdc953ef03,김예은,Female,2008-08-07,목포시 강남구
ac390760-93e4-41e4-be78-25e02b7c706d,유준우,Male,2004-09-16,대구광역시 남구
e1cc6893-e5b9-4b65-93f2-8daae1730dc7,이이준,Male,1994-09-11,수원시 서구
daa27741-8fef-427b-a2f5-e0fbeac25fda,황서연,Female,1985-02-07,제주특별시 남구
e4d53d5a-8064-4961-b93e-752526ea1bd5,최수아,Female,2000-12-26,서울특별시 강북구
fbaec0b6-364b-4651-bc3e-1bf8b5dc7c30,이현준,Male,2000-04-06,경주시 강서구
a5811b09-3d3c-4bf2-a5b2-20a004d8cb56,유서아,Female,1997-08-06,안성시 강동구
7379ce1f-c705-48eb-9800-e52ba470872f,임서진,Male,1960-11-20,용인시 남구
e837e482-a298-4d61-8d78-e76b85e6b4c7,최현우,Male,1981-06-29,경주시 진구
d3a8743f-6f4e-446d-a7f3-3cac750c90cd,조민준,Male,1975-01-15,제주특별시 강서구
f34006e6-71be-4b23-b899-66d34d264d40,전승우,Male,1988-11-01,세종특별자치시 북구
8d8a471e-8af7-4e35-b163-f65a7e7e13c0,조하은,Female,1981-05-29,인천광역시 서구
f8ec849a-831d-4c2b-b517-0d9c01750e36,문소윤,Female,1960-03-25,서울특별시 서구
f6692ea0-7e4c-47ea-a78c-1389067efec2,장선우,Male,1977-02-29,여수시 강남구
cf673b3d-71e5-43ad-a95b-7e742f424e46,김서연,Female,2001-08-01,부산광역시 강서구
d168525d-bb07-4d7d-b3fc-d1fb6a6180ea,최수빈,Female,1975-08-10,용인시 강동구
103732d1-23d7-4abe-a458-56e57507b8a3,황지아,Female,1972-01-05,서울특별시 강남구
00ceaaca-e60a-421c-b930-e3d70387bd44,박정우,Male,2004-05-24,부산광역시 북구
73fd03c4-2680-488b-837b-9cd7d87743cd,문수빈,Female,1981-05-06,용인시 서구
9b8420ac-fb3d-4706-8159-d97befa7e0c3,황서윤,Female,1991-09-13,대전광역시 강남구
94691935-9db4-4940-bcf0-114c8f5f4b34,신소윤,Female,1982-12-06,대구광역시 서구
57f858a9-d45c-492b-9ef5-2ed11d7725e9,이은서,Female,1976-08-22,울산광역시 강동구
fbeb66bd-c9a0-4f36-9eb6-148e5fe748d9,최서준,Male,1993-05-14,수원시 강서구
7a3558e9-fba5-45b6-a0c7-fd14272c3045,윤서준,Male,1991-05-12,인천광역시 동구
dde689e3-29b5-4355-919c-493ea737655f,심도현,Male,1978-12-29,대전광역시 강북구
6173e91a-ee7b-41ed-82af-44300431c6e6,장서현,Female,1979-03-03,전주시 북구
dafef405-059a-475d-91ff-95de1fcca495,강수아,Female,1986-10-11,여수시 남구
d0850a01-c690-424a-a69f-9f4f4d3713b2,최지안,Female,1995-04-09,경주시 강동구
df03b3b8-8e66-419c-8a91-d44a19db5241,유지아,Female,1982-12-11,여수시 진구
bb6267a9-fe06-4e33-bddb-64f0129b24df,조지윤,Female,1960-09-27,세종특별자치시 강동구
0bf098f9-a316-46d9-a506-bc37029f0dfe,황주원,Male,1980-05-18,세종특별자치시 동구
ae9fd0bf-5805-413c-9ca9-5297a5176b01,문시은,Female,2001-03-25,대구광역시 동구
3fc993e6-8656-4e68-b113-33c725bcbde6,조도윤,Male,1993-03-18,수원시 강동구
1dc11d8f-f2f1-4989-b10b-a0e2c3616963,전서준,Male,1986-10-18,세종특별자치시 강남구
99549af1-5b19-46a7-a625-97ad5dadef10,정지우,Female,1989-09-08,수원시 강서구
07343369-a459-4e19-b82a-b6d0977c74c8,박수빈,Female,1964-04-31,광주광역시 강서구
8cbe0690-d267-43d7-b7f5-f635a1040657,심현준,Male,1972-03-23,대전광역시 동구
a6f445fe-9376-4ccb-aacc-a35a63beb253,전서윤,Female,2001-05-27,부산광역시 진구
e349db12-bdb9-4f1f-aa46-753bf8840f49,심민준,Male,1972-05-20,제주특별시 강서구
7d5cd5cf-503a-452b-8812-378c46e82e34,윤예은,Female,2007-07-19,안성시 강동구
0c2c4998-7951-43b8-a8fc-93559ccaa9ad,박유진,Female,1974-12-31,안성시 강남구
8cb1bc3b-a03f-43ce-8aed-b759e502bbb2,신건우,Male,1978-07-22,안성시 북구
2d248b4f-cb79-4985-ba72-7cd56a8b501d,강건우,Male,2003-09-10,울산광역시 강북구
f6c4e74e-ae10-4786-b209-7cdd9b1b3ddd,유하준,Male,2003-02-10,울산광역시 강북구
8339baa4-a906-463e-b36b-ca82276c4710,임채원,Female,1984-01-24,울산광역시 진구
bbd62ded-c849-4f39-8f80-f0efe322ff1a,조승우,Male,1964-05-19,여수시 서구
6fa071f7-5f2b-4705-a28f-15983488780b,강연우,Male,1976-12-31,안성시 강서구
d41b6f7a-8253-4cef-af0a-cd72d1593b49,임서현,Female,1979-06-29,경주시 강남구
b4d2c514-48ce-4f80-bdb1-bf10648f31d2,신유진,Female,2005-03-25,광주광역시 북구
6f217ef9-8cc7-473c-b50f-035175f2a82d,이현우,Male,1964-12-05,부산광역시 동구
302d6c16-794f-4929-b439-41863c3b8380,오현우,Male,2002-03-20,수원시 강북구
9560b245-8b43-49e5-9aeb-f013b7ce2ff3,박민재,Male,1988-12-12,광주광역시 강북구
cb194651-c32b-42da-9560-c7c3679ceb3c,신서연,Female,1988-12-07,울산광역시 강남구
6f84bd66-f3a0-4fe7-b2b4-31deb516a9f7,조유진,Female,2004-01-09,포항시 진구
36b8aba6-253a-42cb-8183-2a0a1bccf863,신하린,Female,1976-02-30,인천광역시 북구
02ee44fd-26f6-4f4f-8fd1-7f4f2c88d7a9,신다은,Female,2000-07-16,목포시 강서구
c72285ba-6749-4b78-a925-f4327b4fa5ce,심지안,Female,1979-02-04,수원시 강서구
fe00ac3a-17cc-4dee-bb9f-8dfcbe353f7f,유하준,Male,2002-11-18,대전광역시 남구
0515b39b-5234-4999-8984-ac82ee70e557,최서연,Female,1992-10-26,광주광역시 북구
5aeb7ec2-f874-4587-91b6-a5cae87f7e87,최유나,Female,1960-02-09,대구광역시 강남구
49171d3e-857c-4b55-b38a-2f0abba709d3,임민재,Male,1966-02-03,안성시 남구
4221ef98-0ef8-4df5-b366-9b3587889703,정민준,Male,1967-11-31,세종특별자치시 강남구
6f9123a9-0ccd-4834-9aca-9a8383cf31c4,임윤서,Female,1967-08-08,대전광역시 동구
ca9dd9c8-ca11-46d5-ba02-f30e5f3e71cf,윤지우,Female,1983-07-21,세종특별자치시 강북구
7d9b88d7-f213-4f3d-b494-4fb1b1cead0b,한윤서,Female,1978-10-22,서울특별시 강동구
9758dce2-4431-4089-879c-c8afe96783cb,유지훈,Male,1990-09-01,울산광역시 강북구
ccd45faa-246b-407b-8112-445653758e0b,유채원,Female,1974-01-13,용인시 강동구
f021faa9-9157-456c-8313-f9e7e2862436,유하린,Female,2001-07-04,세종특별자치시 강서구
9ab3f241-80b0-4ddb-afae-49333fecfe17,임예원,Female,1986-04-12,포항시 강서구
9621c1a2-4554-4137-a2d4-444c89411321,윤은우,Male,1986-05-17,부산광역시 진구
2d461815-5f20-4a2a-aa18-ed67570caac1,심윤서,Female,1970-04-31,세종특별자치시 강서구
7291779e-2ffc-4fb3-a5f6-e1c58831bb80,이시은,Female,2003-10-22,포항시 강서구
5b6395ab-fc15-434e-a57f-08b7f661730e,윤지우,Male,1978-01-02,세종특별자치시 강북구
9ac3653c-c836-4cb3-be21-cadcb586fe61,이수아,Female,1968-08-18,광주광역시 진구
26e1650d-740a-44d6-a925-a443c4724e9d,장하준,Male,1987-01-05,서울특별시 강서구
12b626b9-8001-415a-b220-9482e3f081fc,임서현,Female,1987-06-24,여수시 강남구
1c37bf00-8fc4-4f57-9930-a866d43c1dac,오지안,Female,1992-02-09,인천광역시 강서구
38529557-974d-480f-abd0-71ba6b4373d7,황민준,Male,1982-08-09,포항시 강남구
6769ec92-f662-4fba-9bf3-6eaf99a98a9d,심정우,Male,1965-06-11,용인시 서구
2f3845f8-0cd4-40ca-9e7e-ed31093d7b5f,오지유,Female,1984-04-05,대전광역시 강북구
350de11a-7cea-42f9-94cc-6c631019c4a0,강하린,Female,1993-10-04,부산광역시 남구
de4af4e4-e1e6-495f-9bc2-de5e01c60461,오현준,Male,2000-12-21,부산광역시 서구
02c63344-1aa0-4c7e-a786-acdd6a6bf14f,정지민,Female,1981-08-22,서울특별시 동구
33d16291-c782-47b1-8c16-6371451a2b95,신서현,Female,1996-01-21,포항시 서구
a8df4893-4d6e-4bb8-8310-876ae184db2a,강서윤,Female,2009-08-20,인천광역시 진구
cb04cb7d-4a5a-479f-add2-6115b6cbc350,박지후,Male,2007-09-07,인천광역시 강북구
77246a0b-eee3-4ade-927a-937c8a4462b3,조서아,Female,1971-11-15,서울특별시 강동구
887f6679-cdf6-453b-8a66-9f47b46f1cee,문현준,Male,1978-10-11,수원시 강동구
e84e9357-4eef-475f-82c5-f7a00a57db33,정우진,Male,1963-07-01,광주광역시 강서구
d6eff139-7e5b-417c-a444-2b9101340e5b,황지우,Male,1991-07-07,용인시 서구
5362b634-691c-4626-bc9b-24fd2a20eb46,유서아,Female,1988-01-15,포항시 서구
543ae536-19c5-43fa-ad54-1e4e25ae5a1d,황지환,Male,1977-04-06,전주시 동구
3717a4e7-82b5-48a2-a1b1-7bfe0f081f6e,문하윤,Female,1991-02-22,울산광역시 강남구
8771be2b-59e3-432f-9a61-f50a2c527789,윤서윤,Female,1960-12-24,용인시 동구
49176ea0-e330-4f34-8d56-454182fff265,오하준,Male,1993-04-29,울산광역시 서구
ea8f80c2-6681-4847-bbeb-6752545e34f1,유주원,Male,2006-10-23,세종특별자치시 남구
119cc6cb-4071-46ff-bb1c-1bbb9832cbda,황도현,Male,1984-11-24,서울특별시 강동구
c83857f8-dd1c-4d73-a1f5-9b0ad16b66ee,황도현,Male,1963-10-02,광주광역시 진구
51c14c33-5c65-453f-8f79-a1cdab7157e4,임시은,Female,1992-07-30,용인시 강북구
7bf9cdcc-fbe8-4879-9508-fd3c9a4f1964,조서윤,Female,1996-05-31,인천광역시 남구
de9dc956-68b9-4775-86ad-b3f1c13c9260,오하린,Female,1988-09-02,서울특별시 진구
4fd89e76-8b4b-43fc-933a-e74691d7e1f7,황소윤,Female,1963-11-27,대전광역시 강서구
1c41498b-3c04-459a-859f-ea8f15c05d18,유윤서,Female,1999-07-25,포항시 서구
4111f3fb-cb21-48cf-a390-d1d5701f51bb,전예원,Female,1966-04-26,경주시 동구
e42b5bf2-da2a-4b61-9be4-4b940e8d512f,전도현,Male,1986-03-11,서울특별시 강남구
67401d17-a8f7-450b-b548-74107875fa06,황시은,Female,1985-10-23,수원시 강북구
af945115-511d-45ae-b91a-ccbdbfc0f52f,문윤우,Male,1975-05-19,수원시 강남구
b656bb6a-36c3-4a2f-b043-a8eb1ce8e41e,정준서,Male,2004-11-01,전주시 강북구
02ae3755-d832-4be2-a795-f4ee38704ca6,신은우,Male,1999-04-08,세종특별자치시 서구
d58fecba-d9ec-4c27-93be-4d58fa5d872a,황예린,Female,2003-11-07,수원시 강북구
700f6840-92ec-430a-992b-279df16e05d8,한지후,Male,1979-11-06,수원시 강동구
fff1ee71-899f-4595-a7a5-b86f1019a63c,한하준,Male,1979-07-17,서울특별시 북구
af96a6b9-d03b-41ee-b0fc-ae95c935ea4f,강하준,Male,1976-06-15,대전광역시 강북구
44561f5b-65ad-46de-9ae9-f96721e6a413,전지민,Female,1970-05-14,대구광역시 강북구
d04d552e-108e-4d87-b716-5d657d6a7ac6,정시윤,Male,1973-01-14,여수시 북구
85142e78-35f0-400e-ae2b-d9fc01a85ed8,윤지원,Female,1986-12-25,대전광역시 강북구
b05cf758-c70b-4f60-a205-0379fc7b582b,최채원,Female,1980-07-08,용인시 동구
27be738b-9bfd-44e8-bc4f-8a41ba88ad06,강지훈,Male,1967-03-09,대전광역시 강남구
efbbb15f-6ab9-49ad-afd7-085191262886,윤지원,Female,1999-01-10,울산광역시 진구
80c77a50-db58-4d73-b52f-938586daa76b,전현준,Male,1977-04-06,목포시 진구
72ac5cf5-6b55-4bc5-980e-3edf2f458d4c,이유준,Male,1978-11-03,광주광역시 북구
fb2210d8-c049-4152-a625-f649155b9576,김지안,Female,1961-12-24,세종특별자치시 강서구
a23af06a-d985-4d6c-9c6a-da32cfaef0e3,문민재,Male,1995-11-29,서울특별시 서구
18ca89c0-70a3-4812-ab1e-3094a6c7c3ff,문채원,Female,1993-12-19,울산광역시 강남구
8cc124ee-93f6-4724-9319-fa4625124ba2,오준우,Male,1984-09-17,안성시 북구
99f5461a-aa3c-469e-adea-f1cef87bd644,신서준,Male,1991-01-30,제주특별시 남구
cefae8e8-60c1-450a-9247-0d97e5dc6894,장지윤,Female,1972-12-11,울산광역시 서구
e1e2c424-2fdf-4477-be07-3572f0c29ced,문하윤,Female,1975-11-08,경주시 강남구
314d11a8-4c13-4c8f-aee7-cb74ca82a415,박서연,Female,2003-02-06,인천광역시 강서구
cc2f536a-e8e0-46ac-9f68-10debda800e0,전시은,Female,1965-12-15,제주특별시 강남구
ce5f22ff-1e9d-4f15-9127-96aa9558238d,박지원,Female,1964-02-25,경주시 강북구
e77a2898-51c2-4cf6-b66f-ae408a97e184,윤지아,Female,1990-05-23,대전광역시 강동구
18ebc6b0-3125-49ed-b22c-a8d0d03cb159,문서연,Female,1998-12-17,목포시 북구
394fe62a-3e83-43fe-b6fe-e9c05d0c1dfe,윤예준,Male,1961-03-29,목포시 강서구
4d8ee0ea-b7b0-4497-b418-1d6b37b23342,전소윤,Female,2004-01-17,울산광역시 북구
3c205335-23e8-45d2-9c20-e23e87311799,박도현,Male,1985-03-25,대전광역시 강서구
4dda496b-497f-4eb0-b509-e993e7330da6,이현우,Male,1992-12-31,제주특별시 서구
05b3e8f8-a374-4106-8885-faa5a05e03b1,김지호,Male,1965-03-22,여수시 북구
2e11fb92-65b1-4015-85c6-db871c0e589b,전채원,Female,1962-11-29,경주시 남구
c53cbd67-9f36-447b-bf64-d5e585120a98,유도윤,Male,1986-11-30,광주광역시 서구
a9cc5791-504b-499a-88c4-75c0ba094b2e,유지우,Male,2009-11-07,세종특별자치시 서구
d33bafb5-5b62-476c-8256-1064ee51b3ca,정시은,Female,1962-07-07,안성시 진구
06536860-4062-49da-9e04-c72ba7d6f738,문서현,Female,1997-03-23,인천광역시 동구
2e46857f-fd5d-4329-8faa-c03a3ef041da,전서현,Female,1990-09-31,세종특별자치시 서구
0ef47b72-1b86-4f87-8aec-0040601782a4,문소윤,Female,2004-11-15,서울특별시 서구
9d807c0b-fb77-46c0-ba90-a1535ea7ab1f,최소율,Female,1978-09-28,제주특별시 강북구
31e206b7-ea8e-41f3-b219-fcdded40f39b,장예은,Female,1979-09-27,광주광역시 강동구
99d9ee4d-2c1e-48a7-a5fb-8f4837814f87,장예린,Female,1977-10-17,수원시 강동구
e5c3253d-8c2e-46bd-8c14-d2641890db44,신준우,Male,2002-07-25,세종특별자치시 동구
6060d98e-2c4e-4066-b751-6b0bf36ef693,박수아,Female,1983-03-30,여수시 강남구
ff638771-4b51-4f86-ad04-b45e8a54282e,정소윤,Female,1982-10-21,서울특별시 강동구
986fcc79-9827-4d07-9940-31d8ade270db,유예원,Female,2000-06-06,광주광역시 진구
e9c00cef-537f-438b-b042-73cb77aa8d57,한주원,Male,1960-03-26,경주시 서구
27db6b67-afd1-44d3-8d19-e8daf9dd6c1c,윤윤우,Male,1977-12-12,경주시 서구
cf768c9b-572a-42d5-b0ab-52808f5fb1e4,전지후,Male,1997-01-22,여수시 남구
d562183c-564a-4a76-915c-3fb5cbe3de06,전하윤,Female,2002-06-06,수원시 남구
4342f8d2-3234-42c0-8dae-b5d9e6c8cd55,신은우,Male,1986-05-28,울산광역시 진구
c23bd161-68e7-4c63-ba46-2f4721dde257,전서윤,Female,2005-07-09,광주광역시 북구
5d988244-e4ea-41f6-a9e9-b969d166f69b,유지안,Female,2002-09-03,전주시 동구
042eac28-0513-4d22-a92d-a3f774c5cbf4,정준우,Male,1989-05-05,부산광역시 강서구
0398bdaf-3103-4dfe-a41e-a301a548b7f7,김유진,Female,1983-06-14,목포시 동구
31417605-b0b5-40e5-a00d-8681330dfeb6,정민준,Male,1963-10-30,수원시 서구
ed88340e-28e0-4f87-bbc4-08f1f4fe2966,유승우,Male,2009-08-01,목포시 강동구
c5004419-1ad3-4e66-a991-8ac636fd92ad,한지후,Male,2001-08-07,인천광역시 진구
1f6fc519-7978-4213-8758-777f5820331d,최채은,Female,1966-06-23,목포시 강북구
a08bedc8-7392-4f0c-b677-d4f2a9c4b4c5,김다은,Female,1996-02-26,여수시 강동구
5c754e4a-5983-44dd-9df3-59b8b1ba12c2,박현우,Male,2001-03-02,안성시 진구
25916ad1-dcf0-4d10-a307-0f397a85a0c4,최준서,Male,1984-08-01,안성시 북구
8758d734-8854-4cdb-b773-632e209cca88,김서연,Female,1971-04-11,경주시 진구
8d7a8e66-ee29-4bcf-868c-0d6270d8237a,윤채은,Female,1986-12-16,목포시 동구
a24fbf1d-0d4b-440d-9630-4e909e69b224,전다은,Female,1964-04-13,인천광역시 강동구
a650758f-4d6b-4fde-8431-cd29c84af963,조서진,Male,1967-06-01,경주시 동구
674f5297-2fd5-4c85-be8c-5faaa4bb1c59,한서아,Female,2005-10-15,용인시 남구
993a87f3-82d8-4327-92a0-c26cbd965327,윤지원,Female,1969-09-18,포항시 강남구
e96df80c-4189-43b8-ace1-2756422a02a7,심시우,Male,1981-02-28,용인시 서구
b3f2bd26-1e5c-4350-b0dd-c20de9e25826,임수빈,Female,1965-10-18,울산광역시 서구
3234549a-81a5-4ee1-aa01-c78f58f16a50,최시은,Female,2004-12-26,용인시 북구
857e382f-1c43-4fb1-8934-a0fc21dc7f12,박은우,Male,1985-01-29,용인시 강북구
18a87250-14e7-4979-8f78-b8d222a9847c,최지유,Female,1993-11-01,광주광역시 진구
03f3c5f2-541b-4859-999f-89181fab82d5,임수빈,Female,1993-01-10,목포시 북구
c62506b9-5293-484c-ab3b-c57422140ea5,유은서,Female,1970-03-27,부산광역시 강서구
b71d04da-adca-4b83-b182-621566b281ba,윤하은,Female,1965-11-18,목포시 강남구
a9c3a31a-b5f0-4a76-a05a-a2b93762a3db,이지유,Female,2009-04-18,포항시 진구
8739972d-ce3e-4dc3-870e-83f11dff4c91,심유진,Female,1982-02-28,울산광역시 남구
816cb926-6215-4a70-9245-3042f5d9917c,윤수빈,Female,1964-06-02,여수시 강북구
01a00b62-8a59-4912-a7c3-711da4c40b70,유소율,Female,2009-02-24,대전광역시 강서구
1164de50-44ac-48f0-8c04-daee0e13747e,유유준,Male,1960-01-28,대구광역시 북구
3e20fd51-1657-49a7-ab85-d87d62753a35,김윤서,Female,1962-04-18,울산광역시 강서구
02d6151c-b4c6-45a3-8801-d34ce6611755,신주원,Male,1979-06-30,인천광역시 강동구
5a86411d-ff00-4a8e-bd74-c934510d7d40,정우진,Male,1996-02-31,전주시 강북구
8d9337a2-a0fd-4a03-a0e5-5c8c71e71645,오예원,Female,1964-05-22,대구광역시 서구
1b151be3-f9e9-42b8-88bd-07fb184fc4b4,장은우,Male,1986-02-12,광주광역시 강동구
b7f024e8-acb6-4c53-ad3e-a1602652da8e,윤주원,Male,1990-01-28,광주광역시 남구
dec4ade6-699a-406a-9ec2-c4ea77ecf79c,황소윤,Female,2006-02-27,대전광역시 서구
169270c7-dd04-413c-8e3d-d1b8f4b7fa51,조지호,Male,1971-07-06,용인시 강남구
0993aecd-04c1-4331-adfc-d595245767a3,이윤서,Female,1973-08-11,목포시 강서구
2f8375d2-467d-446f-9b95-b534a310f6b9,최지호,Male,1991-04-25,부산광역시 강남구
61ac329c-2968-4017-9873-a2fc0ecd2dc0,오주원,Male,1976-06-15,대구광역시 강동구
44f54585-f9f2-424a-b72b-646cfe1a0f82,박지훈,Male,1982-12-06,광주광역시 강동구
9076707c-15c8-4ef5-9ef6-39d03cceaba7,이예은,Female,1961-03-06,수원시 강남구
a24625dc-6df4-4828-8fcd-6285f9ccdbf2,장은우,Male,1975-01-19,전주시 강서구
d072257f-1890-495f-bfc2-354327314699,강유진,Female,1986-07-06,여수시 강북구
2f51880b-cbbc-4f71-903a-129f7a83bb6e,박윤서,Female,1994-02-16,서울특별시 강동구
08db04a8-e843-45c5-8571-84bd331e1ca6,심시윤,Male,1976-09-14,포항시 강남구
33cae754-fde4-43f7-9815-f9a6e2e5b12f,최민서,Female,1968-01-22,서울특별시 서구
740a7ad8-4c9e-4f22-b1fc-4bc7f715f19c,정윤서,Female,1964-09-11,인천광역시 강남구
7a3b13ef-826a-4938-8ff1-0440a93d5ac1,박서진,Male,1978-04-01,울산광역시 남구
a88d325b-df89-4f83-90a9-30a83bb91db5,최주원,Male,1964-02-28,경주시 북구
bd1ab49d-a525-4768-a115-bb439339f381,임다은,Female,2006-02-31,부산광역시 강북구
9b282746-4932-44c3-b611-82a0288707ef,오시윤,Male,2001-04-07,안성시 동구
fd10f7ce-e67f-43c9-bbd5-89c55bdb762b,이소율,Female,1992-11-23,울산광역시 강동구
cc9e0d78-bf53-40fa-b9f5-c248696b780d,오채은,Female,1965-12-07,광주광역시 서구
b3fcf82a-85cd-4966-8c45-48341fb0ca54,박시우,Male,1989-10-20,서울특별시 남구
2224e731-3bda-4011-af3c-4825de897646,윤하준,Male,1985-09-14,세종특별자치시 남구
36d87e17-11b2-4f0d-a140-48f23f9522e0,유현우,Male,2008-03-21,대전광역시 강서구
12a7a529-d391-42e1-a538-ffd050a252bc,문지민,Female,1978-11-15,수원시 서구
91278e66-47c9-4df1-9e31-50a3e9aa9767,유하윤,Female,2005-10-31,제주특별시 강남구
faa2e613-ec52-4810-a07f-f485fff239d5,이유진,Female,1983-08-12,포항시 진구
071e1a9b-0b76-42b8-820e-4a1e7aebf5a5,황하린,Female,1991-11-10,부산광역시 강동구
58c10452-72a4-4e69-9140-43e11b70088f,최하준,Male,1967-11-18,서울특별시 북구
ddd57387-47b3-4f0b-8d2d-f1ca9813e5df,최윤서,Female,1994-05-25,제주특별시 남구
62dd033f-829f-4e62-a55f-87f0884e6b07,임예은,Female,2002-10-23,포항시 진구
ce86c581-b354-4fbe-9a7e-b11e08b24b53,유서윤,Female,1989-09-09,여수시 진구
88de0477-5ae6-4275-983d-91467f95f7e2,전주원,Male,1994-02-16,인천광역시 진구
8998ab4d-fece-4386-92fd-9b6f2531dc36,장유진,Female,1976-06-16,여수시 남구
0250d4d9-717a-44b1-838a-995efdf464c7,전소율,Female,1990-01-12,울산광역시 남구
d127eacf-b9fc-4b2d-bfa4-7623f80354ad,정윤우,Male,1967-05-17,대전광역시 북구
6ef3b2bf-bb61-43d6-a92d-b972952d7fa4,윤준우,Male,2000-10-04,경주시 진구
5a3f262a-54f6-4834-80a9-a40689e62309,조소윤,Female,1986-09-01,부산광역시 남구
51e36857-3d96-45dd-8c26-4d836fe72da5,이지원,Female,1991-02-07,전주시 강서구
4d3ffc0f-f471-4f11-b3bf-4d24d39ae261,정서현,Female,1994-04-14,광주광역시 진구
67e6da77-8f10-4559-b388-c144752d7d92,윤지원,Female,1981-03-06,대전광역시 서구
c27e8bc1-ec67-4f28-96c1-87c637aeb59d,이하은,Female,1990-03-03,경주시 강북구
df55a0da-4e86-482c-a820-9ef0aa39b82f,유다은,Female,1980-04-24,여수시 강동구
6644b5c8-654c-45d5-a922-64f2954c5a40,정예린,Female,1987-06-01,서울특별시 동구
a2a19891-e187-40ed-a6ea-084e712e9c01,강지안,Female,1996-07-07,제주특별시 강서구
37ae04f4-f570-40e6-843a-955c61c06dd2,전서연,Female,1987-05-14,서울특별시 강북구
a1f95012-ebdc-4f85-8e69-1cd86e74491a,임주원,Male,1969-02-27,용인시 동구
8af49fdf-2338-4837-b935-522572fb2ffd,한예린,Female,1994-09-03,수원시 강남구
a2f6d5c8-da79-423e-9c7e-0e0df9cb564f,임예린,Female,1996-03-31,안성시 강남구
f4bf9072-2385-4b24-bfba-332b86a40ba6,이승우,Male,1987-09-30,세종특별자치시 강동구
f4edc522-19fa-43c0-a982-5df3c1f495c8,문승우,Male,2004-11-26,서울특별시 서구
6815d4fe-d5ce-4d31-81e2-89aeffb68be8,심지유,Female,2000-12-30,세종특별자치시 강남구
374557bb-a811-49a1-ae47-48b3b60aa5a5,전수아,Female,2003-09-25,여수시 강북구
242c615a-1c65-4cf0-a232-420e4addd812,정하준,Male,2004-01-30,광주광역시 강동구
5639b739-cf93-47df-a632-a0824c5ab90a,윤하린,Female,1971-12-15,제주특별시 남구
43ccc740-c231-44eb-8a35-44068c364a92,심지안,Female,2006-07-07,여수시 강동구
b4e398b7-4acf-449c-895c-2e88d29196f0,신서윤,Female,1982-07-01,부산광역시 강서구
144dfe8b-b571-4386-bcfe-f9f21d256045,유준우,Male,1960-10-22,대전광역시 강남구
a5d1465f-5750-4e78-aa53-a3e0c69f353f,오건우,Male,1981-04-09,대구광역시 서구
c54cfd27-a4f6-4f83-91f5-d8b37b22db68,전우진,Male,1968-05-17,전주시 북구
34e968c5-5c4e-4d5e-949f-405f558dbc08,임유준,Male,1979-05-16,제주특별시 강북구
47817826-1996-4ed0-87c3-432660a9f4d6,정지후,Male,1994-06-30,울산광역시 강동구
ff0cfb9a-219a-4f05-a4d9-887e9357d48a,윤소율,Female,2002-10-06,부산광역시 북구
21d5890c-6388-444d-aba0-b59d9b431a05,심현우,Male,1965-01-24,목포시 강남구
aee336a2-7b59-40e1-826e-7e13c018fa50,한다은,Female,2000-09-12,전주시 서구
028784f3-d0fc-4c05-8a10-8f9c93e860c9,정채원,Female,1984-10-13,목포시 남구
da02c00d-cc04-4b84-a2e0-49c74a70c930,문지윤,Female,1989-02-17,목포시 강서구
a242d9c9-3048-4891-903a-d386f416950d,조예은,Female,1992-07-02,용인시 강동구
b5dd12d3-00c7-4ae2-98f3-0a6246ed9305,강주원,Male,1992-05-11,여수시 동구
ca24b139-2101-4058-b592-3b785cdc9dad,한예은,Female,1975-11-14,전주시 동구
aeac9220-3182-4916-8775-f1539d10bf0a,유지후,Male,1987-02-28,용인시 동구
09feee60-6df3-45e0-96bf-fff65cc389c3,강유진,Female,1983-07-27,목포시 강동구
ce2b9bba-35c9-4232-b2b0-1db0afab85f4,조하준,Male,1978-02-24,제주특별시 북구
29ba0764-7d49-4d7a-b372-4ac7cc3f63f0,윤지윤,Female,1993-02-21,서울특별시 강남구
1c84d2ee-58d7-4247-80d2-514a9ac0a106,문지윤,Female,1984-11-01,인천광역시 강서구
85138c41-bb10-404e-83ad-f8ac68dfbd8a,임예원,Female,2001-04-23,부산광역시 강북구
f9b664ba-318b-4e8e-86e6-4fb9165defb7,황준우,Male,1996-06-05,부산광역시 강서구
8edc4f30-a032-4e21-9684-456a7f75a150,유수빈,Female,1986-12-04,대구광역시 동구
9792dd79-4d18-4fe0-8cae-ed294d00fea0,장준우,Male,1993-03-02,목포시 강동구
5d7c0744-7562-4d3d-ac3e-e423847e4588,임도현,Male,2006-02-18,대전광역시 강서구
d7bec5b7-9f9b-46cf-9e52-c6d8870f2a81,전예준,Male,1983-09-20,부산광역시 강남구
b6d378ff-8b37-4e54-958d-867f167a110d,김도현,Male,1980-11-12,용인시 남구
8bc8096a-5d86-4625-9e3d-726b425c7e2b,정지훈,Male,1984-10-21,여수시 진구
88b137c8-a7b8-4ef5-9ece-41fa4567e2c8,임승우,Male,1988-01-05,포항시 남구
0ab4ccef-d2df-42aa-b5da-80ca3f1972bc,김윤서,Female,1963-10-30,전주시 강남구
a6685596-c604-4de1-9e18-e69e468be120,윤주원,Male,1987-03-23,목포시 동구
4db0f893-0b0d-4689-9746-3d9806c5a6cb,심하윤,Female,1960-02-14,전주시 진구
43fa4000-e33f-4dbb-920e-18986e695914,정서현,Female,1973-11-01,세종특별자치시 남구
c376c920-406f-456d-adf0-faf2974c9b95,유다은,Female,1968-04-17,포항시 북구
80b3861e-3b51-49b6-81de-6c1747be00c4,황윤우,Male,2008-02-27,제주특별시 강동구
1c1aceba-f3e3-41e8-8474-3b793dba6164,심도현,Male,1975-11-25,서울특별시 서구
f2f0300c-eea8-438e-b604-e6906e796916,임시우,Male,2002-04-24,부산광역시 진구
969eea8b-b9c9-43ab-9af6-954f68ef54be,임하윤,Female,1990-04-22,안성시 서구
e5885a12-461a-471d-af24-2e5008eea58e,장예린,Female,1986-12-22,전주시 서구
0d30b739-3131-4ff9-a68a-07b32fe9396d,한유진,Female,1962-02-21,전주시 북구
05e7dc00-7e3f-4ddc-a4ba-a3c18d26e530,한이준,Male,2005-08-09,광주광역시 서구
ec4f3001-ce61-4ec7-a99b-c5dfaa99f7ea,정유준,Male,1961-11-01,목포시 강동구
22a6c3ee-222a-434b-8f77-d47bbf8a2e0c,임지유,Female,1987-09-11,울산광역시 서구
c2b87ec3-2929-4013-b43c-54fc29e906b5,유민준,Male,1963-08-27,대전광역시 동구
6a97a6ff-398d-464a-a82f-1f190795e0a3,김승우,Male,1987-07-10,용인시 북구
38064820-c837-4d99-a94e-6d9d1d063bc1,장채은,Female,1995-05-15,대구광역시 강서구
6811daf2-27c2-4bbb-8862-7affb750298d,정하은,Female,1980-09-22,세종특별자치시 남구
0a5cfd9e-6cbf-4fb1-8bb9-fe154f12e073,황예원,Female,2005-06-21,서울특별시 동구
1c2af0a1-3769-4da5-aed2-e3fd75cae3f4,황윤우,Male,2007-11-25,인천광역시 강남구
c0f6ab1c-367e-4a77-9ccd-c76632a0c9aa,이지환,Male,1964-02-31,대구광역시 남구
011b0295-88eb-4dfc-93d0-2c5c35bc205a,조정우,Male,2006-05-04,부산광역시 남구
2eef9492-4f2f-4d8a-af45-e543a12154d1,심지후,Male,1990-08-15,여수시 강남구
b8a720c7-a17a-4305-858a-84dc4e268d8e,장소윤,Female,1973-03-19,광주광역시 강동구
4f6831f1-68d6-47c2-bd98-342dca4aab80,문준우,Male,1961-04-29,안성시 강북구
9d038597-bf5e-4c62-a751-77df86742eee,임이준,Male,1978-02-07,세종특별자치시 강남구
01f4189b-6ff8-46c8-963e-5a2c5dd94e97,박민서,Female,1990-01-02,대구광역시 북구
775f36ac-0096-43e2-a33b-014f2c99c78a,전수아,Female,1977-03-24,경주시 진구
83132d3f-b2ba-4346-a5a2-e307959cd42f,장예준,Male,2005-03-12,인천광역시 남구
7951eebc-dca6-4d88-834f-dedbe36a4114,임지훈,Male,1967-02-17,여수시 북구
0a5694c6-ca61-4779-ad50-c95d433afec2,김지후,Male,1970-08-04,광주광역시 진구
d9f1f113-babf-4402-bcc9-f27cdb1e903d,장예원,Female,2003-05-31,울산광역시 진구
08179293-6988-4377-a359-c277c2b60482,한서진,Male,1998-01-04,대구광역시 동구
71c3ba49-5d19-4e1f-87b4-757085f4a92f,장서현,Female,1969-03-22,제주특별시 북구
7d87e93e-dfad-4c58-b0c2-cf3afb8af423,한하은,Female,2005-12-10,용인시 강동구
1a859278-8918-4373-8b52-0f28c247a7ae,최유진,Female,2002-04-25,광주광역시 강북구
9d868206-bc6a-4f3f-9136-17a558d895b8,신서준,Male,1983-08-10,여수시 서구
b8cc648d-afdf-46cd-b509-8bbded0c6a39,윤수아,Female,1996-05-25,세종특별자치시 동구
a8d86926-4bf2-4977-8c3f-1b959b77ade1,전다은,Female,1992-06-05,대구광역시 강서구
99591450-f818-496c-b882-36e7d19dcc63,임소율,Female,1975-09-05,세종특별자치시 진구